index,name,label,category,value_kind,unit,multiplier,period_basis,definition_status,mapping_status,reference,statement,section,review_reason
1,basic_earnings_per_share,基本每股收益,per_share,per_share,CNY/share,1,ytd,official,official_mapping,tdx_official_20260919;tdx_units_20260919;tdx_formula_fields_20260919,income_statement,main,official_definition; company_amount_not_individually_verified
2,adjusted_earnings_per_share,扣除非经常性损益每股收益,per_share,per_share,CNY/share,1,ytd,official,not_reviewed,tdx_official_20260919;tdx_units_20260919;tdx_formula_fields_20260919,,,outside_three_statements; retain_source_observation
3,retained_earnings_per_share,每股未分配利润,per_share,per_share,CNY/share,1,instant,official,not_reviewed,tdx_official_20260919;tdx_units_20260919;tdx_formula_fields_20260919,,,outside_three_statements; retain_source_observation
4,net_assets_per_share,每股净资产,per_share,per_share,CNY/share,1,instant,official,not_reviewed,tdx_official_20260919;tdx_units_20260919;tdx_formula_fields_20260919,,,outside_three_statements; retain_source_observation
5,capital_reserve_per_share,每股资本公积金,per_share,per_share,CNY/share,1,instant,official,not_reviewed,tdx_official_20260919;tdx_units_20260919;tdx_formula_fields_20260919,,,outside_three_statements; retain_source_observation
6,reported_return_on_equity,净资产收益率,per_share,ratio,unspecified,,ytd,official,not_reviewed,tdx_official_20260919;tdx_units_20260919;tdx_formula_fields_20260919,,,outside_three_statements; retain_source_observation
7,operating_cash_flow_per_share,每股经营现金流量,per_share,per_share,CNY/share,1,ytd,official,not_reviewed,tdx_official_20260919;tdx_units_20260919;tdx_formula_fields_20260919,,,outside_three_statements; retain_source_observation
8,monetary_funds,货币资金,balance_sheet,monetary,CNY,1,instant,official,reviewed_mapping,tdx_official_20260919;tdx_units_20260919;tdx_formula_fields_20260919,balance_sheet,main,sample_evidence_reviewed; company_specific_applicability_not_guaranteed
9,trading_financial_assets,交易性金融资产,balance_sheet,monetary,CNY,1,instant,official,reviewed_mapping,tdx_official_20260919;tdx_units_20260919;tdx_formula_fields_20260919,balance_sheet,main,sample_evidence_reviewed; company_specific_applicability_not_guaranteed
10,notes_receivable,应收票据,balance_sheet,monetary,CNY,1,instant,official,official_mapping,tdx_official_20260919;tdx_units_20260919;tdx_formula_fields_20260919,balance_sheet,main,official_definition; company_amount_not_individually_verified
11,accounts_receivable,应收账款,balance_sheet,monetary,CNY,1,instant,official,reviewed_mapping,tdx_official_20260919;tdx_units_20260919;tdx_formula_fields_20260919,balance_sheet,main,sample_evidence_reviewed; company_specific_applicability_not_guaranteed
12,prepayments,预付款项,balance_sheet,monetary,CNY,1,instant,official,reviewed_mapping,tdx_official_20260919;tdx_units_20260919;tdx_formula_fields_20260919,balance_sheet,main,sample_evidence_reviewed; company_specific_applicability_not_guaranteed
13,other_receivables,其他应收款,balance_sheet,monetary,CNY,1,instant,official,reviewed_mapping,tdx_official_20260919;tdx_units_20260919;tdx_formula_fields_20260919,balance_sheet,main,sample_evidence_reviewed; company_specific_applicability_not_guaranteed
14,related_party_receivables,应收关联公司款,balance_sheet,monetary,CNY,1,instant,official,official_mapping,tdx_official_20260919;tdx_units_20260919;tdx_formula_fields_20260919,balance_sheet,main,official_definition; company_amount_not_individually_verified
15,interest_receivable,应收利息,balance_sheet,monetary,CNY,1,instant,official,official_mapping,tdx_official_20260919;tdx_units_20260919;tdx_formula_fields_20260919,balance_sheet,main,official_definition; company_amount_not_individually_verified
16,dividends_receivable,应收股利,balance_sheet,monetary,CNY,1,instant,official,reviewed_mapping,tdx_official_20260919;tdx_units_20260919;statement_expansion_20260919;tdx_formula_fields_20260919,balance_sheet,main,sample_evidence_reviewed; company_specific_applicability_not_guaranteed
17,inventories,存货,balance_sheet,monetary,CNY,1,instant,official,reviewed_mapping,tdx_official_20260919;tdx_units_20260919;tdx_formula_fields_20260919,balance_sheet,main,sample_evidence_reviewed; company_specific_applicability_not_guaranteed
18,consumable_biological_assets,其中：消耗性生物资产,balance_sheet,monetary,CNY,1,instant,official,official_mapping,tdx_official_20260919;tdx_units_20260919;tdx_formula_fields_20260919,balance_sheet,main,official_definition; company_amount_not_individually_verified
19,noncurrent_assets_due_within_one_year,一年内到期的非流动资产,balance_sheet,monetary,CNY,1,instant,official,reviewed_mapping,tdx_official_20260919;tdx_units_20260919;tdx_formula_fields_20260919,balance_sheet,main,sample_evidence_reviewed; company_specific_applicability_not_guaranteed
20,other_current_assets,其他流动资产,balance_sheet,monetary,CNY,1,instant,official,reviewed_mapping,tdx_official_20260919;tdx_units_20260919;tdx_formula_fields_20260919,balance_sheet,main,sample_evidence_reviewed; company_specific_applicability_not_guaranteed
21,current_assets,流动资产合计,balance_sheet,monetary,CNY,1,instant,official,reviewed_mapping,tdx_official_20260919;tdx_units_20260919;tdx_formula_fields_20260919,balance_sheet,main,sample_evidence_reviewed; company_specific_applicability_not_guaranteed
22,available_for_sale_financial_assets,可供出售金融资产,balance_sheet,monetary,CNY,1,instant,official,official_mapping,tdx_official_20260919;tdx_units_20260919;tdx_formula_fields_20260919,balance_sheet,main,official_definition; company_amount_not_individually_verified
23,held_to_maturity_investments,持有至到期投资,balance_sheet,monetary,CNY,1,instant,official,official_mapping,tdx_official_20260919;tdx_units_20260919;tdx_formula_fields_20260919,balance_sheet,main,official_definition; company_amount_not_individually_verified
24,long_term_receivables,长期应收款,balance_sheet,monetary,CNY,1,instant,official,official_mapping,tdx_official_20260919;tdx_units_20260919;tdx_formula_fields_20260919,balance_sheet,main,official_definition; company_amount_not_individually_verified
25,long_term_equity_investments,长期股权投资,balance_sheet,monetary,CNY,1,instant,official,reviewed_mapping,tdx_official_20260919;tdx_units_20260919;tdx_formula_fields_20260919,balance_sheet,main,sample_evidence_reviewed; company_specific_applicability_not_guaranteed
26,investment_property,投资性房地产,balance_sheet,monetary,CNY,1,instant,official,reviewed_mapping,tdx_official_20260919;tdx_units_20260919;statement_expansion_20260919;tdx_formula_fields_20260919,balance_sheet,main,sample_evidence_reviewed; company_specific_applicability_not_guaranteed
27,fixed_assets_net,固定资产,balance_sheet,monetary,CNY,1,instant,official,reviewed_mapping,tdx_official_20260919;tdx_units_20260919;tdx_formula_fields_20260919,balance_sheet,main,sample_evidence_reviewed; company_specific_applicability_not_guaranteed
28,construction_in_progress,在建工程,balance_sheet,monetary,CNY,1,instant,official,reviewed_mapping,tdx_official_20260919;tdx_units_20260919;tdx_formula_fields_20260919,balance_sheet,main,sample_evidence_reviewed; company_specific_applicability_not_guaranteed
29,construction_materials,工程物资,balance_sheet,monetary,CNY,1,instant,official,official_mapping,tdx_official_20260919;tdx_units_20260919;tdx_formula_fields_20260919,balance_sheet,main,official_definition; company_amount_not_individually_verified
30,fixed_assets_pending_disposal,固定资产清理,balance_sheet,monetary,CNY,1,instant,official,official_mapping,tdx_official_20260919;tdx_units_20260919;tdx_formula_fields_20260919,balance_sheet,main,official_definition; company_amount_not_individually_verified
31,productive_biological_assets,生产性生物资产,balance_sheet,monetary,CNY,1,instant,official,official_mapping,tdx_official_20260919;tdx_units_20260919;tdx_formula_fields_20260919,balance_sheet,main,official_definition; company_amount_not_individually_verified
32,oil_and_gas_assets,油气资产,balance_sheet,monetary,CNY,1,instant,official,official_mapping,tdx_official_20260919;tdx_units_20260919;tdx_formula_fields_20260919,balance_sheet,main,official_definition; company_amount_not_individually_verified
33,intangible_assets_net,无形资产,balance_sheet,monetary,CNY,1,instant,official,reviewed_mapping,tdx_official_20260919;tdx_units_20260919;tdx_formula_fields_20260919,balance_sheet,main,sample_evidence_reviewed; company_specific_applicability_not_guaranteed
34,development_costs,开发支出,balance_sheet,monetary,CNY,1,instant,official,official_mapping,tdx_official_20260919;tdx_units_20260919;tdx_formula_fields_20260919,balance_sheet,main,official_definition; company_amount_not_individually_verified
35,goodwill,商誉,balance_sheet,monetary,CNY,1,instant,official,official_mapping,tdx_official_20260919;tdx_units_20260919;tdx_formula_fields_20260919,balance_sheet,main,official_definition; company_amount_not_individually_verified
36,long_term_prepaid_expenses,长期待摊费用,balance_sheet,monetary,CNY,1,instant,official,reviewed_mapping,tdx_official_20260919;tdx_units_20260919;statement_expansion_20260919;tdx_formula_fields_20260919,balance_sheet,main,sample_evidence_reviewed; company_specific_applicability_not_guaranteed
37,deferred_tax_assets,递延所得税资产,balance_sheet,monetary,CNY,1,instant,official,reviewed_mapping,tdx_official_20260919;tdx_units_20260919;tdx_formula_fields_20260919,balance_sheet,main,sample_evidence_reviewed; company_specific_applicability_not_guaranteed
38,other_noncurrent_assets,其他非流动资产,balance_sheet,monetary,CNY,1,instant,official,reviewed_mapping,tdx_official_20260919;tdx_units_20260919;statement_expansion_20260919;tdx_formula_fields_20260919,balance_sheet,main,sample_evidence_reviewed; company_specific_applicability_not_guaranteed
39,noncurrent_assets,非流动资产合计,balance_sheet,monetary,CNY,1,instant,official,reviewed_mapping,tdx_official_20260919;tdx_units_20260919;statement_expansion_20260919;tdx_formula_fields_20260919,balance_sheet,main,sample_evidence_reviewed; company_specific_applicability_not_guaranteed
40,total_assets,资产总计,balance_sheet,monetary,CNY,1,instant,official,reviewed_mapping,tdx_official_20260919;tdx_units_20260919;tdx_formula_fields_20260919,balance_sheet,main,sample_evidence_reviewed; company_specific_applicability_not_guaranteed
41,short_term_borrowings,短期借款,balance_sheet,monetary,CNY,1,instant,official,reviewed_mapping,tdx_official_20260919;tdx_units_20260919;tdx_formula_fields_20260919,balance_sheet,main,sample_evidence_reviewed; company_specific_applicability_not_guaranteed
42,trading_financial_liabilities,交易性金融负债,balance_sheet,monetary,CNY,1,instant,official,reviewed_mapping,tdx_official_20260919;tdx_units_20260919;statement_expansion_20260919;tdx_formula_fields_20260919,balance_sheet,main,sample_evidence_reviewed; company_specific_applicability_not_guaranteed
43,notes_payable,应付票据,balance_sheet,monetary,CNY,1,instant,official,reviewed_mapping,tdx_official_20260919;tdx_units_20260919;statement_expansion_20260919;tdx_formula_fields_20260919,balance_sheet,main,sample_evidence_reviewed; company_specific_applicability_not_guaranteed
44,accounts_payable,应付账款,balance_sheet,monetary,CNY,1,instant,official,reviewed_mapping,tdx_official_20260919;tdx_units_20260919;tdx_formula_fields_20260919,balance_sheet,main,sample_evidence_reviewed; company_specific_applicability_not_guaranteed
45,advance_receipts,预收款项,balance_sheet,monetary,CNY,1,instant,official,official_mapping,tdx_official_20260919;tdx_units_20260919;tdx_formula_fields_20260919,balance_sheet,main,official_definition; company_amount_not_individually_verified
46,payroll_payable,应付职工薪酬,balance_sheet,monetary,CNY,1,instant,official,reviewed_mapping,tdx_official_20260919;tdx_units_20260919;tdx_formula_fields_20260919,balance_sheet,main,sample_evidence_reviewed; company_specific_applicability_not_guaranteed
47,taxes_payable,应交税费,balance_sheet,monetary,CNY,1,instant,official,reviewed_mapping,tdx_official_20260919;tdx_units_20260919;tdx_formula_fields_20260919,balance_sheet,main,sample_evidence_reviewed; company_specific_applicability_not_guaranteed
48,interest_payable,应付利息,balance_sheet,monetary,CNY,1,instant,official,official_mapping,tdx_official_20260919;tdx_units_20260919;tdx_formula_fields_20260919,balance_sheet,main,official_definition; company_amount_not_individually_verified
49,dividends_payable,应付股利,balance_sheet,monetary,CNY,1,instant,official,official_mapping,tdx_official_20260919;tdx_units_20260919;tdx_formula_fields_20260919,balance_sheet,main,official_definition; company_amount_not_individually_verified
50,other_payables,其他应付款,balance_sheet,monetary,CNY,1,instant,official,reviewed_mapping,tdx_official_20260919;tdx_units_20260919;tdx_formula_fields_20260919,balance_sheet,main,sample_evidence_reviewed; company_specific_applicability_not_guaranteed
51,related_party_payables,应付关联公司款,balance_sheet,monetary,CNY,1,instant,official,official_mapping,tdx_official_20260919;tdx_units_20260919;tdx_formula_fields_20260919,balance_sheet,main,official_definition; company_amount_not_individually_verified
52,current_portion_noncurrent_liabilities,一年内到期的非流动负债,balance_sheet,monetary,CNY,1,instant,official,reviewed_mapping,tdx_official_20260919;tdx_units_20260919;tdx_formula_fields_20260919,balance_sheet,main,sample_evidence_reviewed; company_specific_applicability_not_guaranteed
53,other_current_liabilities,其他流动负债,balance_sheet,monetary,CNY,1,instant,official,reviewed_mapping,tdx_official_20260919;tdx_units_20260919;tdx_formula_fields_20260919,balance_sheet,main,sample_evidence_reviewed; company_specific_applicability_not_guaranteed
54,current_liabilities,流动负债合计,balance_sheet,monetary,CNY,1,instant,official,reviewed_mapping,tdx_official_20260919;tdx_units_20260919;tdx_formula_fields_20260919,balance_sheet,main,sample_evidence_reviewed; company_specific_applicability_not_guaranteed
55,long_term_borrowings,长期借款,balance_sheet,monetary,CNY,1,instant,official,reviewed_mapping,tdx_official_20260919;tdx_units_20260919;tdx_formula_fields_20260919,balance_sheet,main,sample_evidence_reviewed; company_specific_applicability_not_guaranteed
56,bonds_payable,应付债券,balance_sheet,monetary,CNY,1,instant,official,reviewed_mapping,tdx_official_20260919;tdx_units_20260919;tdx_formula_fields_20260919,balance_sheet,main,sample_evidence_reviewed; company_specific_applicability_not_guaranteed
57,long_term_payables,长期应付款,balance_sheet,monetary,CNY,1,instant,official,official_mapping,tdx_official_20260919;tdx_units_20260919;tdx_formula_fields_20260919,balance_sheet,main,official_definition; company_amount_not_individually_verified
58,special_payables,专项应付款,balance_sheet,monetary,CNY,1,instant,official,official_mapping,tdx_official_20260919;tdx_units_20260919;tdx_formula_fields_20260919,balance_sheet,main,official_definition; company_amount_not_individually_verified
59,provisions,预计负债 （非流动负债）,balance_sheet,monetary,CNY,1,instant,official,reviewed_mapping,tdx_official_20260919;tdx_units_20260919;tdx_formula_fields_20260919,balance_sheet,main,sample_evidence_reviewed; company_specific_applicability_not_guaranteed
60,deferred_tax_liabilities,递延所得税负债,balance_sheet,monetary,CNY,1,instant,official,reviewed_mapping,tdx_official_20260919;tdx_units_20260919;tdx_formula_fields_20260919,balance_sheet,main,sample_evidence_reviewed; company_specific_applicability_not_guaranteed
61,other_noncurrent_liabilities,其他非流动负债,balance_sheet,monetary,CNY,1,instant,official,official_mapping,tdx_official_20260919;tdx_units_20260919;tdx_formula_fields_20260919,balance_sheet,main,official_definition; company_amount_not_individually_verified
62,noncurrent_liabilities,非流动负债合计,balance_sheet,monetary,CNY,1,instant,official,reviewed_mapping,tdx_official_20260919;tdx_units_20260919;statement_expansion_20260919;tdx_formula_fields_20260919,balance_sheet,main,sample_evidence_reviewed; company_specific_applicability_not_guaranteed
63,total_liabilities,负债合计,balance_sheet,monetary,CNY,1,instant,official,reviewed_mapping,tdx_official_20260919;tdx_units_20260919;tdx_formula_fields_20260919,balance_sheet,main,sample_evidence_reviewed; company_specific_applicability_not_guaranteed
64,paid_in_capital,实收资本（或股本）,balance_sheet,monetary,CNY,1,instant,official,reviewed_mapping,tdx_official_20260919;tdx_units_20260919;statement_expansion_20260919;tdx_formula_fields_20260919,balance_sheet,main,sample_evidence_reviewed; company_specific_applicability_not_guaranteed
65,capital_reserve,资本公积,balance_sheet,monetary,CNY,1,instant,official,reviewed_mapping,tdx_official_20260919;tdx_units_20260919;statement_expansion_20260919;tdx_formula_fields_20260919,balance_sheet,main,sample_evidence_reviewed; company_specific_applicability_not_guaranteed
66,surplus_reserve,盈余公积,balance_sheet,monetary,CNY,1,instant,official,reviewed_mapping,tdx_official_20260919;tdx_units_20260919;statement_expansion_20260919;tdx_formula_fields_20260919,balance_sheet,main,sample_evidence_reviewed; company_specific_applicability_not_guaranteed
67,treasury_stock,减：库存股,balance_sheet,monetary,CNY,1,instant,official,official_mapping,tdx_official_20260919;tdx_units_20260919;tdx_formula_fields_20260919,balance_sheet,main,official_definition; company_amount_not_individually_verified
68,retained_earnings,未分配利润,balance_sheet,monetary,CNY,1,instant,official,reviewed_mapping,tdx_official_20260919;tdx_units_20260919;statement_expansion_20260919;tdx_formula_fields_20260919,balance_sheet,main,sample_evidence_reviewed; company_specific_applicability_not_guaranteed
69,noncontrolling_interests,少数股东权益,balance_sheet,monetary,CNY,1,instant,official,reviewed_mapping,tdx_official_20260919;tdx_units_20260919;tdx_formula_fields_20260919,balance_sheet,main,sample_evidence_reviewed; company_specific_applicability_not_guaranteed
70,foreign_currency_translation_difference,外币报表折算价差,balance_sheet,monetary,CNY,1,instant,official,official_mapping,tdx_official_20260919;tdx_units_20260919;tdx_formula_fields_20260919,balance_sheet,main,official_definition; company_amount_not_individually_verified
71,nonrecurring_operating_income_adjustment,非正常经营项目收益调整,balance_sheet,monetary,CNY,1,unspecified,official,not_reviewed,tdx_official_20260919;tdx_units_20260919;tdx_formula_fields_20260919,balance_sheet,main,period_requires_review
72,total_equity,所有者权益（或股东权益）合计,balance_sheet,monetary,CNY,1,instant,official,reviewed_mapping,tdx_official_20260919;tdx_units_20260919;tdx_formula_fields_20260919,balance_sheet,main,sample_evidence_reviewed; company_specific_applicability_not_guaranteed
73,liabilities_and_equity,负债和所有者（或股东权益）合计,balance_sheet,monetary,CNY,1,instant,official,reviewed_mapping,tdx_official_20260919;tdx_units_20260919;statement_expansion_20260919;tdx_formula_fields_20260919,balance_sheet,main,sample_evidence_reviewed; company_specific_applicability_not_guaranteed
74,revenue_cumulative,其中：营业收入,income_statement,monetary,CNY,1,ytd,official,reviewed_mapping,portfolio_a16e6fc;tdx_units_20260919;statement_expansion_20260919;tdx_formula_fields_20260919,income_statement,main,sample_evidence_reviewed; company_specific_applicability_not_guaranteed
75,cost_of_revenue,其中：营业成本,income_statement,monetary,CNY,1,ytd,official,reviewed_mapping,portfolio_a16e6fc;tdx_units_20260919;statement_expansion_20260919;tdx_formula_fields_20260919,income_statement,main,sample_evidence_reviewed; company_specific_applicability_not_guaranteed
76,taxes_and_surcharges,营业税金及附加,income_statement,monetary,CNY,1,ytd,official,reviewed_mapping,portfolio_a16e6fc;tdx_units_20260919;statement_expansion_20260919;tdx_formula_fields_20260919,income_statement,main,sample_evidence_reviewed; company_specific_applicability_not_guaranteed
77,selling_expenses,销售费用,income_statement,monetary,CNY,1,ytd,official,reviewed_mapping,portfolio_a16e6fc;tdx_units_20260919;statement_expansion_20260919;tdx_formula_fields_20260919,income_statement,main,sample_evidence_reviewed; company_specific_applicability_not_guaranteed
78,administrative_expenses,管理费用,income_statement,monetary,CNY,1,ytd,official,reviewed_mapping,portfolio_a16e6fc;tdx_units_20260919;statement_expansion_20260919;tdx_formula_fields_20260919,income_statement,main,sample_evidence_reviewed; company_specific_applicability_not_guaranteed
79,exploration_expenses,勘探费用,income_statement,monetary,CNY,1,ytd,official,official_mapping,portfolio_a16e6fc;tdx_units_20260919;tdx_formula_fields_20260919,income_statement,main,official_definition; company_amount_not_individually_verified
80,finance_costs,财务费用,income_statement,monetary,CNY,1,ytd,official,reviewed_mapping,portfolio_a16e6fc;tdx_units_20260919;tdx_formula_fields_20260919,income_statement,main,sample_evidence_reviewed; company_specific_applicability_not_guaranteed
81,asset_impairment_loss,资产减值损失,income_statement,monetary,CNY,1,ytd,official,official_mapping,portfolio_a16e6fc;tdx_units_20260919;tdx_formula_fields_20260919,income_statement,main,official_definition; company_amount_not_individually_verified
82,fair_value_change_income,加：公允价值变动净收益,income_statement,monetary,CNY,1,ytd,official,reviewed_mapping,portfolio_a16e6fc;tdx_units_20260919;tdx_formula_fields_20260919,income_statement,main,sample_evidence_reviewed; company_specific_applicability_not_guaranteed
83,investment_income,投资收益,income_statement,monetary,CNY,1,ytd,official,reviewed_mapping,portfolio_a16e6fc;tdx_units_20260919;tdx_formula_fields_20260919,income_statement,main,sample_evidence_reviewed; company_specific_applicability_not_guaranteed
84,associates_and_joint_ventures_investment_income,其中：对联营企业和合营企业的投资收益,income_statement,monetary,CNY,1,ytd,official,reviewed_mapping,portfolio_a16e6fc;tdx_units_20260919;statement_expansion_20260919;tdx_formula_fields_20260919,income_statement,main,sample_evidence_reviewed; company_specific_applicability_not_guaranteed
85,other_operating_profit_adjustments,影响营业利润的其他科目,income_statement,monetary,CNY,1,ytd,official,official_mapping,portfolio_a16e6fc;tdx_units_20260919;tdx_formula_fields_20260919,income_statement,main,official_definition; company_amount_not_individually_verified
86,operating_profit_cumulative,三、营业利润,income_statement,monetary,CNY,1,ytd,official,reviewed_mapping,portfolio_a16e6fc;tdx_units_20260919;tdx_formula_fields_20260919,income_statement,main,sample_evidence_reviewed; company_specific_applicability_not_guaranteed
87,subsidy_income,加：补贴收入,income_statement,monetary,CNY,1,ytd,official,official_mapping,portfolio_a16e6fc;tdx_units_20260919;tdx_formula_fields_20260919,income_statement,main,official_definition; company_amount_not_individually_verified
88,nonoperating_income,营业外收入,income_statement,monetary,CNY,1,ytd,official,reviewed_mapping,portfolio_a16e6fc;tdx_units_20260919;statement_expansion_20260919;tdx_formula_fields_20260919,income_statement,main,sample_evidence_reviewed; company_specific_applicability_not_guaranteed
89,nonoperating_expenses,减：营业外支出,income_statement,monetary,CNY,1,ytd,official,reviewed_mapping,portfolio_a16e6fc;tdx_units_20260919;statement_expansion_20260919;tdx_formula_fields_20260919,income_statement,main,sample_evidence_reviewed; company_specific_applicability_not_guaranteed
90,noncurrent_asset_disposal_loss,其中：非流动资产处置净损失,income_statement,monetary,CNY,1,ytd,official,official_mapping,portfolio_a16e6fc;tdx_units_20260919;tdx_formula_fields_20260919,income_statement,main,official_definition; company_amount_not_individually_verified
91,other_pretax_profit_adjustments,加：影响利润总额的其他科目,income_statement,monetary,CNY,1,ytd,official,official_mapping,portfolio_a16e6fc;tdx_units_20260919;tdx_formula_fields_20260919,income_statement,main,official_definition; company_amount_not_individually_verified
92,profit_before_tax,四、利润总额,income_statement,monetary,CNY,1,ytd,official,reviewed_mapping,portfolio_a16e6fc;tdx_units_20260919;tdx_formula_fields_20260919,income_statement,main,sample_evidence_reviewed; company_specific_applicability_not_guaranteed
93,income_tax_expense,减：所得税,income_statement,monetary,CNY,1,ytd,official,reviewed_mapping,portfolio_a16e6fc;tdx_units_20260919;tdx_formula_fields_20260919,income_statement,main,sample_evidence_reviewed; company_specific_applicability_not_guaranteed
94,other_net_income_adjustments,加：影响净利润的其他科目,income_statement,monetary,CNY,1,ytd,official,official_mapping,portfolio_a16e6fc;tdx_units_20260919;tdx_formula_fields_20260919,income_statement,main,official_definition; company_amount_not_individually_verified
95,net_income_ytd,五、净利润,income_statement,monetary,CNY,1,ytd,official,reviewed_mapping,portfolio_a16e6fc;tdx_units_20260919;tdx_formula_fields_20260919,income_statement,main,sample_evidence_reviewed; company_specific_applicability_not_guaranteed
96,net_income_parent_ytd,归属于母公司所有者的净利润,income_statement,monetary,CNY,1,ytd,official,reviewed_mapping,portfolio_a16e6fc;tdx_units_20260919;tdx_formula_fields_20260919,income_statement,main,sample_evidence_reviewed; company_specific_applicability_not_guaranteed
97,net_income_minority_ytd,少数股东损益,income_statement,monetary,CNY,1,ytd,official,reviewed_mapping,portfolio_a16e6fc;tdx_units_20260919;tdx_formula_fields_20260919,income_statement,main,sample_evidence_reviewed; company_specific_applicability_not_guaranteed
98,cash_received_from_customers,销售商品、提供劳务收到的现金,cashflow_statement,monetary,CNY,1,ytd,official,reviewed_mapping,tdx_official_20260919;tdx_units_20260919;statement_expansion_20260919;tdx_formula_fields_20260919,cash_flow_statement,main,sample_evidence_reviewed; company_specific_applicability_not_guaranteed
99,tax_refunds_received,收到的税费返还,cashflow_statement,monetary,CNY,1,ytd,official,reviewed_mapping,tdx_official_20260919;tdx_units_20260919;tdx_formula_fields_20260919,cash_flow_statement,main,sample_evidence_reviewed; company_specific_applicability_not_guaranteed
100,other_operating_cash_received,收到其他与经营活动有关的现金,cashflow_statement,monetary,CNY,1,ytd,official,reviewed_mapping,tdx_official_20260919;tdx_units_20260919;statement_expansion_20260919;tdx_formula_fields_20260919,cash_flow_statement,main,sample_evidence_reviewed; company_specific_applicability_not_guaranteed
101,operating_cash_inflows,经营活动现金流入小计,cashflow_statement,monetary,CNY,1,ytd,official,reviewed_mapping,tdx_official_20260919;tdx_units_20260919;statement_expansion_20260919;tdx_formula_fields_20260919,cash_flow_statement,main,sample_evidence_reviewed; company_specific_applicability_not_guaranteed
102,cash_paid_to_suppliers,购买商品、接受劳务支付的现金,cashflow_statement,monetary,CNY,1,ytd,official,reviewed_mapping,tdx_official_20260919;tdx_units_20260919;statement_expansion_20260919;tdx_formula_fields_20260919,cash_flow_statement,main,sample_evidence_reviewed; company_specific_applicability_not_guaranteed
103,cash_paid_to_employees,支付给职工以及为职工支付的现金,cashflow_statement,monetary,CNY,1,ytd,official,reviewed_mapping,tdx_official_20260919;tdx_units_20260919;statement_expansion_20260919;tdx_formula_fields_20260919,cash_flow_statement,main,sample_evidence_reviewed; company_specific_applicability_not_guaranteed
104,taxes_paid,支付的各项税费,cashflow_statement,monetary,CNY,1,ytd,official,reviewed_mapping,tdx_official_20260919;tdx_units_20260919;tdx_formula_fields_20260919,cash_flow_statement,main,sample_evidence_reviewed; company_specific_applicability_not_guaranteed
105,other_operating_cash_paid,支付其他与经营活动有关的现金,cashflow_statement,monetary,CNY,1,ytd,official,reviewed_mapping,tdx_official_20260919;tdx_units_20260919;statement_expansion_20260919;tdx_formula_fields_20260919,cash_flow_statement,main,sample_evidence_reviewed; company_specific_applicability_not_guaranteed
106,operating_cash_outflows,经营活动现金流出小计,cashflow_statement,monetary,CNY,1,ytd,official,reviewed_mapping,tdx_official_20260919;tdx_units_20260919;statement_expansion_20260919;tdx_formula_fields_20260919,cash_flow_statement,main,sample_evidence_reviewed; company_specific_applicability_not_guaranteed
107,operating_cash_flow_cumulative,经营活动产生的现金流量净额,cashflow_statement,monetary,CNY,1,ytd,official,reviewed_mapping,tdx_official_20260919;tdx_units_20260919;statement_expansion_20260919;tdx_formula_fields_20260919,cash_flow_statement,main,sample_evidence_reviewed; company_specific_applicability_not_guaranteed
108,investment_recovery_cash,收回投资收到的现金,cashflow_statement,monetary,CNY,1,ytd,official,reviewed_mapping,tdx_official_20260919;tdx_units_20260919;statement_expansion_20260919;tdx_formula_fields_20260919,cash_flow_statement,main,sample_evidence_reviewed; company_specific_applicability_not_guaranteed
109,investment_income_cash,取得投资收益收到的现金,cashflow_statement,monetary,CNY,1,ytd,official,reviewed_mapping,tdx_official_20260919;tdx_units_20260919;statement_expansion_20260919;tdx_formula_fields_20260919,cash_flow_statement,main,sample_evidence_reviewed; company_specific_applicability_not_guaranteed
110,long_lived_asset_disposal_cash,处置固定资产、无形资产和其他长期资产收回的现金净额,cashflow_statement,monetary,CNY,1,ytd,official,reviewed_mapping,tdx_official_20260919;tdx_units_20260919;tdx_formula_fields_20260919,cash_flow_statement,main,sample_evidence_reviewed; company_specific_applicability_not_guaranteed
111,subsidiary_disposal_cash,处置子公司及其他营业单位收到的现金净额,cashflow_statement,monetary,CNY,1,ytd,official,official_mapping,tdx_official_20260919;tdx_units_20260919;tdx_formula_fields_20260919,cash_flow_statement,main,official_definition; company_amount_not_individually_verified
112,other_investing_cash_received,收到其他与投资活动有关的现金,cashflow_statement,monetary,CNY,1,ytd,official,reviewed_mapping,tdx_official_20260919;tdx_units_20260919;statement_expansion_20260919;tdx_formula_fields_20260919,cash_flow_statement,main,sample_evidence_reviewed; company_specific_applicability_not_guaranteed
113,investing_cash_inflows,投资活动现金流入小计,cashflow_statement,monetary,CNY,1,ytd,official,reviewed_mapping,tdx_official_20260919;tdx_units_20260919;statement_expansion_20260919;tdx_formula_fields_20260919,cash_flow_statement,main,sample_evidence_reviewed; company_specific_applicability_not_guaranteed
114,capital_expenditure_cash,购建固定资产、无形资产和其他长期资产支付的现金,cashflow_statement,monetary,CNY,1,ytd,official,reviewed_mapping,tdx_official_20260919;tdx_units_20260919;tdx_formula_fields_20260919,cash_flow_statement,main,sample_evidence_reviewed; company_specific_applicability_not_guaranteed
115,investment_purchase_cash,投资支付的现金,cashflow_statement,monetary,CNY,1,ytd,official,reviewed_mapping,tdx_official_20260919;tdx_units_20260919;statement_expansion_20260919;tdx_formula_fields_20260919,cash_flow_statement,main,sample_evidence_reviewed; company_specific_applicability_not_guaranteed
116,subsidiary_acquisition_cash,取得子公司及其他营业单位支付的现金净额,cashflow_statement,monetary,CNY,1,ytd,official,official_mapping,tdx_official_20260919;tdx_units_20260919;tdx_formula_fields_20260919,cash_flow_statement,main,official_definition; company_amount_not_individually_verified
117,other_investing_cash_paid,支付其他与投资活动有关的现金,cashflow_statement,monetary,CNY,1,ytd,official,reviewed_mapping,tdx_official_20260919;tdx_units_20260919;statement_expansion_20260919;tdx_formula_fields_20260919,cash_flow_statement,main,sample_evidence_reviewed; company_specific_applicability_not_guaranteed
118,investing_cash_outflows,投资活动现金流出小计,cashflow_statement,monetary,CNY,1,ytd,official,reviewed_mapping,tdx_official_20260919;tdx_units_20260919;statement_expansion_20260919;tdx_formula_fields_20260919,cash_flow_statement,main,sample_evidence_reviewed; company_specific_applicability_not_guaranteed
119,investing_cash_flow_cumulative,投资活动产生的现金流量净额,cashflow_statement,monetary,CNY,1,ytd,official,reviewed_mapping,tdx_official_20260919;tdx_units_20260919;statement_expansion_20260919;tdx_formula_fields_20260919,cash_flow_statement,main,sample_evidence_reviewed; company_specific_applicability_not_guaranteed
120,equity_financing_cash,吸收投资收到的现金,cashflow_statement,monetary,CNY,1,ytd,official,reviewed_mapping,tdx_official_20260919;tdx_units_20260919;statement_expansion_20260919;tdx_formula_fields_20260919,cash_flow_statement,main,sample_evidence_reviewed; company_specific_applicability_not_guaranteed
121,borrowing_proceeds,取得借款收到的现金,cashflow_statement,monetary,CNY,1,ytd,official,reviewed_mapping,tdx_official_20260919;tdx_units_20260919;statement_expansion_20260919;tdx_formula_fields_20260919,cash_flow_statement,main,sample_evidence_reviewed; company_specific_applicability_not_guaranteed
122,other_financing_cash_received,收到其他与筹资活动有关的现金,cashflow_statement,monetary,CNY,1,ytd,official,official_mapping,tdx_official_20260919;tdx_units_20260919;tdx_formula_fields_20260919,cash_flow_statement,main,official_definition; company_amount_not_individually_verified
123,financing_cash_inflows,筹资活动现金流入小计,cashflow_statement,monetary,CNY,1,ytd,official,reviewed_mapping,tdx_official_20260919;tdx_units_20260919;statement_expansion_20260919;tdx_formula_fields_20260919,cash_flow_statement,main,sample_evidence_reviewed; company_specific_applicability_not_guaranteed
124,debt_repayment_cash,偿还债务支付的现金,cashflow_statement,monetary,CNY,1,ytd,official,reviewed_mapping,tdx_official_20260919;tdx_units_20260919;statement_expansion_20260919;tdx_formula_fields_20260919,cash_flow_statement,main,sample_evidence_reviewed; company_specific_applicability_not_guaranteed
125,dividends_and_interest_paid,分配股利、利润或偿付利息支付的现金,cashflow_statement,monetary,CNY,1,ytd,official,reviewed_mapping,tdx_official_20260919;tdx_units_20260919;statement_expansion_20260919;tdx_formula_fields_20260919,cash_flow_statement,main,sample_evidence_reviewed; company_specific_applicability_not_guaranteed
126,other_financing_cash_paid,支付其他与筹资活动有关的现金,cashflow_statement,monetary,CNY,1,ytd,official,reviewed_mapping,tdx_official_20260919;tdx_units_20260919;statement_expansion_20260919;tdx_formula_fields_20260919,cash_flow_statement,main,sample_evidence_reviewed; company_specific_applicability_not_guaranteed
127,financing_cash_outflows,筹资活动现金流出小计,cashflow_statement,monetary,CNY,1,ytd,official,reviewed_mapping,tdx_official_20260919;tdx_units_20260919;statement_expansion_20260919;tdx_formula_fields_20260919,cash_flow_statement,main,sample_evidence_reviewed; company_specific_applicability_not_guaranteed
128,financing_cash_flow_cumulative,筹资活动产生的现金流量净额,cashflow_statement,monetary,CNY,1,ytd,official,reviewed_mapping,tdx_official_20260919;tdx_units_20260919;statement_expansion_20260919;tdx_formula_fields_20260919,cash_flow_statement,main,sample_evidence_reviewed; company_specific_applicability_not_guaranteed
129,exchange_rate_effect_on_cash,四、汇率变动对现金的影响,cashflow_statement,monetary,CNY,1,ytd,official,reviewed_mapping,tdx_official_20260919;tdx_units_20260919;statement_expansion_20260919;tdx_formula_fields_20260919,cash_flow_statement,main,sample_evidence_reviewed; company_specific_applicability_not_guaranteed
130,other_effects_on_cash,四(2)、其他原因对现金的影响,cashflow_statement,monetary,CNY,1,ytd,official,official_mapping,tdx_official_20260919;tdx_units_20260919;tdx_formula_fields_20260919,cash_flow_statement,main,official_definition; company_amount_not_individually_verified
131,net_cash_increase_cumulative,五、现金及现金等价物净增加额,cashflow_statement,monetary,CNY,1,ytd,official,reviewed_mapping,tdx_official_20260919;tdx_units_20260919;statement_expansion_20260919;tdx_formula_fields_20260919,cash_flow_statement,main,sample_evidence_reviewed; company_specific_applicability_not_guaranteed
132,opening_cash_and_cash_equivalents,期初现金及现金等价物余额,cashflow_statement,monetary,CNY,1,opening_instant,official,official_mapping,tdx_official_20260919;tdx_units_20260919;tdx_formula_fields_20260919,cash_flow_statement,main,official_definition; company_amount_not_individually_verified
133,cash_and_cash_equivalents,期末现金及现金等价物余额,cashflow_statement,monetary,CNY,1,instant,official,reviewed_mapping,tdx_official_20260919;tdx_units_20260919;tdx_formula_fields_20260919,cash_flow_statement,main,sample_evidence_reviewed; company_specific_applicability_not_guaranteed
134,cashflow_reconciliation_net_income,净利润,cashflow_statement,monetary,CNY,1,ytd,official,reviewed_mapping,tdx_official_20260919;tdx_units_20260919;tdx_formula_fields_20260919;cashflow_reconciliation_20260919,cash_flow_statement,supplement,sample_evidence_reviewed; company_specific_applicability_not_guaranteed
135,cashflow_asset_impairment_provisions,加：资产减值准备,cashflow_statement,monetary,CNY,1,ytd,official,reviewed_mapping,tdx_official_20260919;tdx_units_20260919;tdx_formula_fields_20260919;cashflow_reconciliation_20260919,cash_flow_statement,supplement,sample_evidence_reviewed; company_specific_applicability_not_guaranteed
136,depreciation_depletion,固定资产折旧、油气资产折耗、生产性生物资产折旧,cashflow_statement,monetary,CNY,1,ytd,official,reviewed_mapping,tdx_official_20260919;tdx_units_20260919;tdx_formula_fields_20260919,cash_flow_statement,supplement,sample_evidence_reviewed; company_specific_applicability_not_guaranteed
137,intangible_amortization,无形资产摊销,cashflow_statement,monetary,CNY,1,ytd,official,reviewed_mapping,tdx_official_20260919;tdx_units_20260919;tdx_formula_fields_20260919,cash_flow_statement,supplement,sample_evidence_reviewed; company_specific_applicability_not_guaranteed
138,deferred_expense_amortization,长期待摊费用摊销,cashflow_statement,monetary,CNY,1,ytd,official,reviewed_mapping,tdx_official_20260919;tdx_units_20260919;tdx_formula_fields_20260919,cash_flow_statement,supplement,sample_evidence_reviewed; company_specific_applicability_not_guaranteed
139,cashflow_long_lived_asset_disposal_loss,处置固定资产、无形资产和其他长期资产的损失,cashflow_statement,monetary,CNY,1,ytd,official,reviewed_mapping,tdx_official_20260919;tdx_units_20260919;tdx_formula_fields_20260919;cashflow_reconciliation_20260919,cash_flow_statement,supplement,sample_evidence_reviewed; company_specific_applicability_not_guaranteed
140,fixed_asset_retirement_loss,固定资产报废损失,cashflow_statement,monetary,CNY,1,ytd,official,reviewed_mapping,tdx_official_20260919;tdx_units_20260919;tdx_formula_fields_20260919;cashflow_reconciliation_20260919,cash_flow_statement,supplement,sample_evidence_reviewed; company_specific_applicability_not_guaranteed
141,cashflow_fair_value_loss,公允价值变动损失,cashflow_statement,monetary,CNY,1,ytd,official,reviewed_mapping,tdx_official_20260919;tdx_units_20260919;tdx_formula_fields_20260919;cashflow_reconciliation_20260919,cash_flow_statement,supplement,sample_evidence_reviewed; company_specific_applicability_not_guaranteed
142,cashflow_finance_costs,财务费用,cashflow_statement,monetary,CNY,1,ytd,official,reviewed_mapping,tdx_official_20260919;tdx_units_20260919;tdx_formula_fields_20260919;cashflow_reconciliation_20260919,cash_flow_statement,supplement,sample_evidence_reviewed; company_specific_applicability_not_guaranteed
143,cashflow_investment_loss,投资损失,cashflow_statement,monetary,CNY,1,ytd,official,reviewed_mapping,tdx_official_20260919;tdx_units_20260919;tdx_formula_fields_20260919;cashflow_reconciliation_20260919,cash_flow_statement,supplement,sample_evidence_reviewed; company_specific_applicability_not_guaranteed
144,deferred_tax_asset_decrease_cashflow,递延所得税资产减少,cashflow_statement,monetary,CNY,1,ytd,official,reviewed_mapping,tdx_official_20260919;tdx_units_20260919;tdx_formula_fields_20260919;cashflow_reconciliation_20260919,cash_flow_statement,supplement,sample_evidence_reviewed; company_specific_applicability_not_guaranteed
145,deferred_tax_liability_increase_cashflow,递延所得税负债增加,cashflow_statement,monetary,CNY,1,ytd,official,reviewed_mapping,tdx_official_20260919;tdx_units_20260919;tdx_formula_fields_20260919;cashflow_reconciliation_20260919,cash_flow_statement,supplement,sample_evidence_reviewed; company_specific_applicability_not_guaranteed
146,inventory_decrease_cashflow,存货的减少,cashflow_statement,monetary,CNY,1,ytd,official,reviewed_mapping,tdx_official_20260919;tdx_units_20260919;tdx_formula_fields_20260919,cash_flow_statement,supplement,sample_evidence_reviewed; company_specific_applicability_not_guaranteed
147,operating_receivables_decrease_cashflow,经营性应收项目的减少,cashflow_statement,monetary,CNY,1,ytd,official,reviewed_mapping,tdx_official_20260919;tdx_units_20260919;tdx_formula_fields_20260919,cash_flow_statement,supplement,sample_evidence_reviewed; company_specific_applicability_not_guaranteed
148,operating_payables_increase_cashflow,经营性应付项目的增加,cashflow_statement,monetary,CNY,1,ytd,official,reviewed_mapping,tdx_official_20260919;tdx_units_20260919;tdx_formula_fields_20260919,cash_flow_statement,supplement,sample_evidence_reviewed; company_specific_applicability_not_guaranteed
149,other_operating_cashflow_adjustments,其他,cashflow_statement,monetary,CNY,1,ytd,official,official_mapping,tdx_official_20260919;tdx_units_20260919;tdx_formula_fields_20260919,cash_flow_statement,supplement,official_definition; company_amount_not_individually_verified
150,operating_cash_flow_indirect,经营活动产生的现金流量净额2,cashflow_statement,monetary,CNY,1,ytd,official,reviewed_mapping,tdx_official_20260919;tdx_units_20260919;tdx_formula_fields_20260919;cashflow_reconciliation_20260919,cash_flow_statement,supplement,sample_evidence_reviewed; company_specific_applicability_not_guaranteed
151,debt_converted_to_equity,债务转为资本,cashflow_statement,monetary,CNY,1,ytd,official,official_mapping,tdx_official_20260919;tdx_units_20260919;tdx_formula_fields_20260919,cash_flow_statement,supplement,official_definition; company_amount_not_individually_verified
152,convertible_bonds_due_within_one_year,一年内到期的可转换公司债券,cashflow_statement,monetary,CNY,1,instant,official,official_mapping,tdx_official_20260919;tdx_units_20260919;tdx_formula_fields_20260919,cash_flow_statement,supplement,official_definition; company_amount_not_individually_verified
153,finance_leased_fixed_assets,融资租入固定资产,cashflow_statement,monetary,CNY,1,ytd,official,official_mapping,tdx_official_20260919;tdx_units_20260919;tdx_formula_fields_20260919,cash_flow_statement,supplement,official_definition; company_amount_not_individually_verified
154,closing_cash,现金的期末余额,cashflow_statement,monetary,CNY,1,instant,official,official_mapping,tdx_official_20260919;tdx_units_20260919;tdx_formula_fields_20260919,cash_flow_statement,supplement,official_definition; company_amount_not_individually_verified
155,opening_cash,减：现金的期初余额,cashflow_statement,monetary,CNY,1,opening_instant,official,official_mapping,tdx_official_20260919;tdx_units_20260919;tdx_formula_fields_20260919,cash_flow_statement,supplement,official_definition; company_amount_not_individually_verified
156,closing_cash_equivalents,加：现金等价物的期末余额,cashflow_statement,monetary,CNY,1,instant,official,official_mapping,tdx_official_20260919;tdx_units_20260919;tdx_formula_fields_20260919,cash_flow_statement,supplement,official_definition; company_amount_not_individually_verified
157,opening_cash_equivalents,减：现金等价物的期初余额,cashflow_statement,monetary,CNY,1,opening_instant,official,official_mapping,tdx_official_20260919;tdx_units_20260919;tdx_formula_fields_20260919,cash_flow_statement,supplement,official_definition; company_amount_not_individually_verified
158,net_cash_increase_reconciliation,现金及现金等价物净增加额,cashflow_statement,monetary,CNY,1,ytd,official,reviewed_mapping,tdx_official_20260919;tdx_units_20260919;tdx_formula_fields_20260919;cashflow_reconciliation_20260919,cash_flow_statement,supplement,sample_evidence_reviewed; company_specific_applicability_not_guaranteed
159,reported_current_ratio,流动比率(非金融类指标),provider_ratio,ratio,unspecified,,unspecified,official,not_reviewed,tdx_official_20260919;tdx_units_20260919;tdx_formula_fields_20260919,,,outside_three_statements; retain_source_observation
160,reported_quick_ratio,速动比率(非金融类指标),provider_ratio,ratio,unspecified,,unspecified,official,not_reviewed,tdx_official_20260919;tdx_units_20260919;tdx_formula_fields_20260919,,,outside_three_statements; retain_source_observation
161,reported_cash_ratio,现金比率(%)(非金融类指标),provider_ratio,ratio,percent,1,unspecified,official,not_reviewed,tdx_official_20260919;tdx_units_20260919;tdx_formula_fields_20260919,,,outside_three_statements; retain_source_observation
162,reported_interest_coverage,利息保障倍数(非金融类指标),provider_ratio,ratio,unspecified,,unspecified,official,not_reviewed,tdx_official_20260919;tdx_units_20260919;tdx_formula_fields_20260919,,,outside_three_statements; retain_source_observation
163,reported_noncurrent_liability_ratio,非流动负债比率(%)(非金融类指标),provider_ratio,ratio,percent,1,unspecified,official,not_reviewed,tdx_official_20260919;tdx_units_20260919;tdx_formula_fields_20260919,,,outside_three_statements; retain_source_observation
164,reported_current_liability_ratio,流动负债比率(%)(非金融类指标),provider_ratio,ratio,percent,1,unspecified,official,not_reviewed,tdx_official_20260919;tdx_units_20260919;tdx_formula_fields_20260919,,,outside_three_statements; retain_source_observation
165,reported_cash_to_maturing_debt_ratio,现金到期债务比率(%)(非金融类指标) 企业经营现金净流入/(本期到期长期负债+本期应付票据),provider_ratio,ratio,percent,1,unspecified,reference,not_reviewed,portfolio_a16e6fc;tdx_units_20260919,,,outside_three_statements; retain_source_observation
166,reported_debt_to_tangible_net_assets,有形资产净值债务率(%),provider_ratio,ratio,percent,1,unspecified,official,not_reviewed,tdx_official_20260919;tdx_units_20260919;tdx_formula_fields_20260919,,,outside_three_statements; retain_source_observation
167,reported_equity_multiplier,权益乘数(%),provider_ratio,ratio,percent,1,unspecified,official,not_reviewed,tdx_official_20260919;tdx_units_20260919;tdx_formula_fields_20260919,,,outside_three_statements; retain_source_observation
168,reported_equity_to_liabilities,股东的权益/负债合计(%),provider_ratio,ratio,percent,1,unspecified,official,not_reviewed,tdx_official_20260919;tdx_units_20260919;tdx_formula_fields_20260919,,,outside_three_statements; retain_source_observation
169,reported_tangible_assets_to_liabilities,有形资产/负债合计(%),provider_ratio,ratio,percent,1,unspecified,official,not_reviewed,tdx_official_20260919;tdx_units_20260919;tdx_formula_fields_20260919,,,outside_three_statements; retain_source_observation
170,reported_operating_cashflow_to_liabilities,经营活动产生的现金流量净额/负债合计(%)(非金融类指标),provider_ratio,ratio,percent,1,unspecified,official,not_reviewed,tdx_official_20260919;tdx_units_20260919;tdx_formula_fields_20260919,,,outside_three_statements; retain_source_observation
171,reported_ebitda_to_liabilities,EBITDA/负债合计(%)(非金融类指标),provider_ratio,ratio,percent,1,unspecified,official,not_reviewed,tdx_official_20260919;tdx_units_20260919;tdx_formula_fields_20260919,,,outside_three_statements; retain_source_observation
172,reported_receivables_turnover,应收帐款周转率(非金融类指标),provider_ratio,ratio,unspecified,,unspecified,official,not_reviewed,tdx_official_20260919;tdx_units_20260919;tdx_formula_fields_20260919,,,outside_three_statements; retain_source_observation
173,reported_inventory_turnover,存货周转率(非金融类指标),provider_ratio,ratio,unspecified,,unspecified,official,not_reviewed,tdx_official_20260919;tdx_units_20260919;tdx_formula_fields_20260919,,,outside_three_statements; retain_source_observation
174,reported_working_capital_turnover,运营资金周转率(非金融类指标),provider_ratio,ratio,unspecified,,unspecified,official,not_reviewed,tdx_official_20260919;tdx_units_20260919;tdx_formula_fields_20260919,,,outside_three_statements; retain_source_observation
175,reported_asset_turnover,总资产周转率(非金融类指标),provider_ratio,ratio,unspecified,,unspecified,official,not_reviewed,tdx_official_20260919;tdx_units_20260919;tdx_formula_fields_20260919,,,outside_three_statements; retain_source_observation
176,reported_fixed_asset_turnover,固定资产周转率(非金融类指标),provider_ratio,ratio,unspecified,,unspecified,official,not_reviewed,tdx_official_20260919;tdx_units_20260919;tdx_formula_fields_20260919,,,outside_three_statements; retain_source_observation
177,reported_receivables_days,应收帐款周转天数(非金融类指标),provider_ratio,days,days,1,unspecified,official,not_reviewed,tdx_official_20260919;tdx_units_20260919;tdx_formula_fields_20260919,,,outside_three_statements; retain_source_observation
178,reported_inventory_days,存货周转天数(非金融类指标),provider_ratio,days,days,1,unspecified,official,not_reviewed,tdx_official_20260919;tdx_units_20260919;tdx_formula_fields_20260919,,,outside_three_statements; retain_source_observation
179,reported_current_asset_turnover,流动资产周转率(非金融类指标),provider_ratio,ratio,unspecified,,unspecified,official,not_reviewed,tdx_official_20260919;tdx_units_20260919;tdx_formula_fields_20260919,,,outside_three_statements; retain_source_observation
180,reported_current_asset_days,流动资产周转天数(非金融类指标),provider_ratio,days,days,1,unspecified,official,not_reviewed,tdx_official_20260919;tdx_units_20260919;tdx_formula_fields_20260919,,,outside_three_statements; retain_source_observation
181,reported_asset_days,总资产周转天数(非金融类指标),provider_ratio,days,days,1,unspecified,official,not_reviewed,tdx_official_20260919;tdx_units_20260919;tdx_formula_fields_20260919,,,outside_three_statements; retain_source_observation
182,reported_equity_turnover,股东权益周转率(非金融类指标),provider_ratio,ratio,unspecified,,unspecified,official,not_reviewed,tdx_official_20260919;tdx_units_20260919;tdx_formula_fields_20260919,,,outside_three_statements; retain_source_observation
183,reported_revenue_growth,营业收入增长率(%),provider_ratio,ratio,percent,1,unspecified,official,not_reviewed,tdx_official_20260919;tdx_units_20260919;tdx_formula_fields_20260919,,,outside_three_statements; retain_source_observation
184,reported_net_income_growth,净利润增长率(%),provider_ratio,ratio,percent,1,unspecified,official,not_reviewed,tdx_official_20260919;tdx_units_20260919;tdx_formula_fields_20260919,,,outside_three_statements; retain_source_observation
185,reported_net_assets_growth,净资产增长率(%),provider_ratio,ratio,percent,1,unspecified,official,not_reviewed,tdx_official_20260919;tdx_units_20260919;tdx_formula_fields_20260919,,,outside_three_statements; retain_source_observation
186,reported_fixed_assets_growth,固定资产增长率(%),provider_ratio,ratio,percent,1,unspecified,official,not_reviewed,tdx_official_20260919;tdx_units_20260919;tdx_formula_fields_20260919,,,outside_three_statements; retain_source_observation
187,reported_total_assets_growth,总资产增长率(%),provider_ratio,ratio,percent,1,unspecified,official,not_reviewed,tdx_official_20260919;tdx_units_20260919;tdx_formula_fields_20260919,,,outside_three_statements; retain_source_observation
188,reported_investment_income_growth,投资收益增长率(%),provider_ratio,ratio,percent,1,unspecified,official,not_reviewed,tdx_official_20260919;tdx_units_20260919;tdx_formula_fields_20260919,,,outside_three_statements; retain_source_observation
189,reported_operating_profit_growth,营业利润增长率(%),provider_ratio,ratio,percent,1,unspecified,official,not_reviewed,tdx_official_20260919;tdx_units_20260919;tdx_formula_fields_20260919,,,outside_three_statements; retain_source_observation
190,reported_adjusted_eps_growth,扣非每股收益同比(%),provider_ratio,ratio,percent,1,unspecified,official,not_reviewed,tdx_official_20260919;tdx_units_20260919;tdx_formula_fields_20260919,,,outside_three_statements; retain_source_observation
191,reported_adjusted_net_income_growth,扣非净利润同比(%),provider_ratio,ratio,percent,1,unspecified,official,not_reviewed,tdx_official_20260919;tdx_units_20260919;tdx_formula_fields_20260919,,,outside_three_statements; retain_source_observation
192,,暂无,unpublished,unknown,unspecified,,unspecified,unpublished,not_reviewed,,,,unpublished_definition
193,reported_profit_to_cost_ratio,成本费用利润率(%),provider_ratio,ratio,percent,1,unspecified,official,not_reviewed,tdx_official_20260919;tdx_units_20260919;tdx_formula_fields_20260919,,,outside_three_statements; retain_source_observation
194,reported_operating_margin,营业利润率(非金融类指标),provider_ratio,ratio,unspecified,,unspecified,official,not_reviewed,tdx_official_20260919;tdx_units_20260919;tdx_formula_fields_20260919,,,outside_three_statements; retain_source_observation
195,reported_revenue_tax_ratio,营业税金率(非金融类指标),provider_ratio,ratio,unspecified,,unspecified,official,not_reviewed,tdx_official_20260919;tdx_units_20260919;tdx_formula_fields_20260919,,,outside_three_statements; retain_source_observation
196,reported_cost_to_revenue,营业成本率(非金融类指标),provider_ratio,ratio,unspecified,,unspecified,official,not_reviewed,tdx_official_20260919;tdx_units_20260919;tdx_formula_fields_20260919,,,outside_three_statements; retain_source_observation
197,reported_return_on_equity_average,净资产收益率,provider_ratio,ratio,unspecified,,unspecified,official,not_reviewed,tdx_official_20260919;tdx_units_20260919;tdx_formula_fields_20260919,,,outside_three_statements; retain_source_observation
198,reported_investment_return,投资收益率,provider_ratio,ratio,unspecified,,unspecified,official,not_reviewed,tdx_official_20260919;tdx_units_20260919;tdx_formula_fields_20260919,,,outside_three_statements; retain_source_observation
199,reported_net_sales_margin,销售净利率(%),provider_ratio,ratio,percent,1,unspecified,official,not_reviewed,tdx_official_20260919;tdx_units_20260919;tdx_formula_fields_20260919,,,outside_three_statements; retain_source_observation
200,reported_return_on_assets,总资产净利率,provider_ratio,ratio,unspecified,,unspecified,official,not_reviewed,tdx_official_20260919;tdx_units_20260919;tdx_formula_fields_20260919,,,outside_three_statements; retain_source_observation
201,reported_net_profit_margin,净利润率(非金融类指标),provider_ratio,ratio,unspecified,,unspecified,official,not_reviewed,tdx_official_20260919;tdx_units_20260919;tdx_formula_fields_20260919,,,outside_three_statements; retain_source_observation
202,reported_gross_margin,销售毛利率(%)(非金融类指标),provider_ratio,ratio,percent,1,unspecified,official,not_reviewed,tdx_official_20260919;tdx_units_20260919;tdx_formula_fields_20260919,,,outside_three_statements; retain_source_observation
203,reported_three_expense_ratio,三费比重(非金融类指标),provider_ratio,ratio,unspecified,,unspecified,official,not_reviewed,tdx_official_20260919;tdx_units_20260919;tdx_formula_fields_20260919,,,outside_three_statements; retain_source_observation
204,reported_administrative_expense_ratio,管理费用率(非金融类指标),provider_ratio,ratio,unspecified,,unspecified,official,not_reviewed,tdx_official_20260919;tdx_units_20260919;tdx_formula_fields_20260919,,,outside_three_statements; retain_source_observation
205,reported_finance_cost_ratio,财务费用率(非金融类指标),provider_ratio,ratio,unspecified,,unspecified,official,not_reviewed,tdx_official_20260919;tdx_units_20260919;tdx_formula_fields_20260919,,,outside_three_statements; retain_source_observation
206,reported_adjusted_net_income,扣除非经常性损益后的净利润,provider_ratio,monetary,CNY,1,unspecified,official,not_reviewed,tdx_official_20260919;tdx_units_20260919;tdx_formula_fields_20260919,,,outside_three_statements; retain_source_observation
207,reported_ebit,息税前利润(EBIT),provider_ratio,monetary,CNY,1,unspecified,official,not_reviewed,tdx_official_20260919;tdx_units_20260919;tdx_formula_fields_20260919,,,outside_three_statements; retain_source_observation
208,reported_ebitda,息税折旧摊销前利润(EBITDA),provider_ratio,monetary,CNY,1,unspecified,official,not_reviewed,tdx_official_20260919;tdx_units_20260919;tdx_formula_fields_20260919,,,outside_three_statements; retain_source_observation
209,reported_ebitda_margin,EBITDA/营业总收入(%)(非金融类指标),provider_ratio,ratio,percent,1,unspecified,official,not_reviewed,tdx_official_20260919;tdx_units_20260919;tdx_formula_fields_20260919,,,outside_three_statements; retain_source_observation
210,reported_debt_to_assets,资产负债率(%),provider_ratio,ratio,percent,1,unspecified,official,not_reviewed,tdx_official_20260919;tdx_units_20260919;tdx_formula_fields_20260919,,,outside_three_statements; retain_source_observation
211,reported_current_assets_ratio,流动资产比率(非金融类指标),provider_ratio,ratio,unspecified,,unspecified,official,not_reviewed,tdx_official_20260919;tdx_units_20260919;tdx_formula_fields_20260919,,,outside_three_statements; retain_source_observation
212,reported_monetary_funds_ratio,货币资金比率(非金融类指标),provider_ratio,ratio,unspecified,,unspecified,official,not_reviewed,tdx_official_20260919;tdx_units_20260919;tdx_formula_fields_20260919,,,outside_three_statements; retain_source_observation
213,reported_inventory_ratio,存货比率(非金融类指标),provider_ratio,ratio,unspecified,,unspecified,official,not_reviewed,tdx_official_20260919;tdx_units_20260919;tdx_formula_fields_20260919,,,outside_three_statements; retain_source_observation
214,reported_fixed_assets_ratio,固定资产比率,provider_ratio,ratio,unspecified,,unspecified,official,not_reviewed,tdx_official_20260919;tdx_units_20260919;tdx_formula_fields_20260919,,,outside_three_statements; retain_source_observation
215,reported_liability_structure_ratio,负债结构比(非金融类指标),provider_ratio,ratio,unspecified,,unspecified,official,not_reviewed,tdx_official_20260919;tdx_units_20260919;tdx_formula_fields_20260919,,,outside_three_statements; retain_source_observation
216,reported_parent_equity_to_invested_capital,归属于母公司股东权益/全部投入资本(%),provider_ratio,ratio,percent,1,unspecified,official,not_reviewed,tdx_official_20260919;tdx_units_20260919;tdx_formula_fields_20260919,,,outside_three_statements; retain_source_observation
217,reported_equity_to_interest_bearing_debt,股东的权益/带息债务(%),provider_ratio,ratio,percent,1,unspecified,official,not_reviewed,tdx_official_20260919;tdx_units_20260919;tdx_formula_fields_20260919,,,outside_three_statements; retain_source_observation
218,reported_tangible_assets_to_net_debt,有形资产/净债务(%),provider_ratio,ratio,percent,1,unspecified,official,not_reviewed,tdx_official_20260919;tdx_units_20260919;tdx_formula_fields_20260919,,,outside_three_statements; retain_source_observation
219,reported_operating_cashflow_per_share,每股经营性现金流(元),provider_ratio,per_share,CNY/share,1,unspecified,official,not_reviewed,tdx_official_20260919;tdx_units_20260919;tdx_formula_fields_20260919,,,outside_three_statements; retain_source_observation
220,reported_revenue_cash_content,营业收入现金含量(%)(非金融类指标),provider_ratio,ratio,percent,1,unspecified,official,not_reviewed,tdx_official_20260919;tdx_units_20260919;tdx_formula_fields_20260919,,,outside_three_statements; retain_source_observation
221,reported_operating_cashflow_to_operating_income,经营活动产生的现金流量净额/经营活动净收益(%),provider_ratio,ratio,percent,1,unspecified,official,not_reviewed,tdx_official_20260919;tdx_units_20260919;tdx_formula_fields_20260919,,,outside_three_statements; retain_source_observation
222,reported_customer_cash_to_revenue,销售商品提供劳务收到的现金/营业收入(%),provider_ratio,ratio,percent,1,unspecified,official,not_reviewed,tdx_official_20260919;tdx_units_20260919;tdx_formula_fields_20260919,,,outside_three_statements; retain_source_observation
223,reported_operating_cashflow_to_revenue,经营活动产生的现金流量净额/营业收入,provider_ratio,ratio,unspecified,,unspecified,official,not_reviewed,tdx_official_20260919;tdx_units_20260919;tdx_formula_fields_20260919,,,outside_three_statements; retain_source_observation
224,reported_capex_to_depreciation_amortization,资本支出/折旧和摊销,provider_ratio,ratio,unspecified,,unspecified,official,not_reviewed,tdx_official_20260919;tdx_units_20260919;tdx_formula_fields_20260919,,,outside_three_statements; retain_source_observation
225,reported_net_cashflow_per_share,每股现金流量净额(元),provider_ratio,per_share,CNY/share,1,unspecified,official,not_reviewed,tdx_official_20260919;tdx_units_20260919;tdx_formula_fields_20260919,,,outside_three_statements; retain_source_observation
226,reported_operating_cashflow_to_short_term_debt,经营净现金比率（短期债务）(非金融类指标),provider_ratio,ratio,unspecified,,unspecified,official,not_reviewed,tdx_official_20260919;tdx_units_20260919;tdx_formula_fields_20260919,,,outside_three_statements; retain_source_observation
227,reported_operating_cashflow_to_total_debt,经营净现金比率（全部债务）,provider_ratio,ratio,unspecified,,unspecified,official,not_reviewed,tdx_official_20260919;tdx_units_20260919;tdx_formula_fields_20260919,,,outside_three_statements; retain_source_observation
228,reported_operating_cashflow_to_net_income,经营活动现金净流量与净利润比率,provider_ratio,ratio,unspecified,,unspecified,official,not_reviewed,tdx_official_20260919;tdx_units_20260919;tdx_formula_fields_20260919,,,outside_three_statements; retain_source_observation
229,reported_cash_return_on_assets,全部资产现金回收率,provider_ratio,ratio,unspecified,,unspecified,official,not_reviewed,tdx_official_20260919;tdx_units_20260919;tdx_formula_fields_20260919,,,outside_three_statements; retain_source_observation
230,revenue,营业收入,quarterly_statement,monetary,CNY,1,quarter,official,reviewed_mapping,tdx_official_20260919;tdx_units_20260919;tdx_formula_fields_20260919,income_statement,main,sample_evidence_reviewed; company_specific_applicability_not_guaranteed
231,operating_profit,营业利润,quarterly_statement,monetary,CNY,1,quarter,official,reviewed_mapping,tdx_official_20260919;tdx_units_20260919;tdx_formula_fields_20260919,income_statement,main,sample_evidence_reviewed; company_specific_applicability_not_guaranteed
232,net_income_parent,归属于母公司所有者的净利润,quarterly_statement,monetary,CNY,1,quarter,official,reviewed_mapping,tdx_official_20260919;tdx_units_20260919;tdx_formula_fields_20260919,income_statement,main,sample_evidence_reviewed; company_specific_applicability_not_guaranteed
233,adjusted_net_income,扣除非经常性损益后的净利润,quarterly_statement,monetary,CNY,1,quarter,official,reviewed_mapping,tdx_official_20260919;tdx_units_20260919;tdx_formula_fields_20260919,income_statement,main,sample_evidence_reviewed; company_specific_applicability_not_guaranteed
234,operating_cash_flow,经营活动产生的现金流量净额,quarterly_statement,monetary,CNY,1,quarter,official,reviewed_mapping,tdx_official_20260919;tdx_units_20260919;tdx_formula_fields_20260919,cash_flow_statement,main,sample_evidence_reviewed; company_specific_applicability_not_guaranteed
235,investing_cash_flow,投资活动产生的现金流量净额,quarterly_statement,monetary,CNY,1,quarter,official,reviewed_mapping,tdx_official_20260919;tdx_units_20260919;tdx_formula_fields_20260919,cash_flow_statement,main,sample_evidence_reviewed; company_specific_applicability_not_guaranteed
236,financing_cash_flow,筹资活动产生的现金流量净额,quarterly_statement,monetary,CNY,1,quarter,official,reviewed_mapping,tdx_official_20260919;tdx_units_20260919;tdx_formula_fields_20260919,cash_flow_statement,main,sample_evidence_reviewed; company_specific_applicability_not_guaranteed
237,net_cash_increase,现金及现金等价物净增加额,quarterly_statement,monetary,CNY,1,quarter,official,reviewed_mapping,tdx_official_20260919;tdx_units_20260919;tdx_formula_fields_20260919,cash_flow_statement,main,sample_evidence_reviewed; company_specific_applicability_not_guaranteed
238,total_shares,总股本,ownership,shares,share,1,instant,official,reviewed_mapping,tdx_official_20260919;tdx_units_20260919;tdx_formula_fields_20260919,,,sample_evidence_reviewed; company_specific_applicability_not_guaranteed
239,listed_a_shares,已上市流通A股,ownership,shares,share,1,instant,official,not_reviewed,tdx_official_20260919;tdx_units_20260919;tdx_formula_fields_20260919,,,outside_three_statements; retain_source_observation
240,listed_b_shares,已上市流通B股,ownership,shares,share,1,instant,official,not_reviewed,tdx_official_20260919;tdx_units_20260919;tdx_formula_fields_20260919,,,outside_three_statements; retain_source_observation
241,listed_h_shares,已上市流通H股,ownership,shares,share,1,instant,official,not_reviewed,tdx_official_20260919;tdx_units_20260919;tdx_formula_fields_20260919,,,outside_three_statements; retain_source_observation
242,shareholder_count,股东人数(户),ownership,count,count,1,instant,official,not_reviewed,tdx_official_20260919;tdx_units_20260919;tdx_formula_fields_20260919,,,outside_three_statements; retain_source_observation
243,largest_shareholder_shares,第一大股东的持股数量,ownership,shares,share,1,instant,official,not_reviewed,tdx_official_20260919;tdx_units_20260919;tdx_formula_fields_20260919,,,outside_three_statements; retain_source_observation
244,top_ten_tradable_shareholder_shares,十大流通股东持股数量合计(股),ownership,shares,share,1,instant,official,not_reviewed,tdx_official_20260919;tdx_units_20260919;tdx_formula_fields_20260919,,,outside_three_statements; retain_source_observation
245,top_ten_shareholder_shares,十大股东持股数量合计(股),ownership,shares,share,1,instant,official,not_reviewed,tdx_official_20260919;tdx_units_20260919;tdx_formula_fields_20260919,,,outside_three_statements; retain_source_observation
246,institutional_holder_count,机构总量（家）,ownership,count,count,1,instant,official,not_reviewed,tdx_official_20260919;tdx_units_20260919;tdx_formula_fields_20260919,,,outside_three_statements; retain_source_observation
247,institutional_shares,机构持股总量(股),ownership,shares,share,1,instant,official,not_reviewed,tdx_official_20260919;tdx_units_20260919;tdx_formula_fields_20260919,,,outside_three_statements; retain_source_observation
248,qfii_holder_count,QFII机构数,ownership,count,count,1,instant,official,not_reviewed,tdx_official_20260919;tdx_units_20260919;tdx_formula_fields_20260919,,,outside_three_statements; retain_source_observation
249,qfii_shares,QFII持股量,ownership,shares,share,1,instant,official,not_reviewed,tdx_official_20260919;tdx_units_20260919;tdx_formula_fields_20260919,,,outside_three_statements; retain_source_observation
250,securities_firm_holder_count,券商机构数,ownership,count,count,1,instant,official,not_reviewed,tdx_official_20260919;tdx_units_20260919;tdx_formula_fields_20260919,,,outside_three_statements; retain_source_observation
251,securities_firm_shares,券商持股量,ownership,shares,share,1,instant,official,not_reviewed,tdx_official_20260919;tdx_units_20260919;tdx_formula_fields_20260919,,,outside_three_statements; retain_source_observation
252,insurance_holder_count,保险机构数,ownership,count,count,1,instant,official,not_reviewed,tdx_official_20260919;tdx_units_20260919;tdx_formula_fields_20260919,,,outside_three_statements; retain_source_observation
253,insurance_shares,保险持股量,ownership,shares,share,1,instant,official,not_reviewed,tdx_official_20260919;tdx_units_20260919;tdx_formula_fields_20260919,,,outside_three_statements; retain_source_observation
254,fund_holder_count,基金机构数,ownership,count,count,1,instant,official,not_reviewed,tdx_official_20260919;tdx_units_20260919;tdx_formula_fields_20260919,,,outside_three_statements; retain_source_observation
255,fund_shares,基金持股量,ownership,shares,share,1,instant,official,not_reviewed,tdx_official_20260919;tdx_units_20260919;tdx_formula_fields_20260919,,,outside_three_statements; retain_source_observation
256,social_security_holder_count,社保机构数,ownership,count,count,1,instant,official,not_reviewed,tdx_official_20260919;tdx_units_20260919;tdx_formula_fields_20260919,,,outside_three_statements; retain_source_observation
257,social_security_shares,社保持股量,ownership,shares,share,1,instant,official,not_reviewed,tdx_official_20260919;tdx_units_20260919;tdx_formula_fields_20260919,,,outside_three_statements; retain_source_observation
258,private_fund_holder_count,私募机构数,ownership,count,count,1,instant,official,not_reviewed,tdx_official_20260919;tdx_units_20260919;tdx_formula_fields_20260919,,,outside_three_statements; retain_source_observation
259,private_fund_shares,私募持股量,ownership,shares,share,1,instant,official,not_reviewed,tdx_official_20260919;tdx_units_20260919;tdx_formula_fields_20260919,,,outside_three_statements; retain_source_observation
260,finance_company_holder_count,财务公司机构数,ownership,count,count,1,instant,official,not_reviewed,tdx_official_20260919;tdx_units_20260919;tdx_formula_fields_20260919,,,outside_three_statements; retain_source_observation
261,finance_company_shares,财务公司持股量,ownership,shares,share,1,instant,official,not_reviewed,tdx_official_20260919;tdx_units_20260919;tdx_formula_fields_20260919,,,outside_three_statements; retain_source_observation
262,annuity_holder_count,年金机构数,ownership,count,count,1,instant,official,not_reviewed,tdx_official_20260919;tdx_units_20260919;tdx_formula_fields_20260919,,,outside_three_statements; retain_source_observation
263,annuity_shares,年金持股量,ownership,shares,share,1,instant,official,not_reviewed,tdx_official_20260919;tdx_units_20260919;tdx_formula_fields_20260919,,,outside_three_statements; retain_source_observation
264,top_ten_tradable_a_shares,十大流通股东持有的流通A股合计(股)[ 注：2019半年报之前，季度报告中，若股东持股除了流通A股、还有流通B股或流通H股，指标264取的是包含流通B股或流通H股的流通股数],ownership,shares,share,1,instant,official,not_reviewed,tdx_official_20260919;tdx_units_20260919;tdx_formula_fields_20260919,,,outside_three_statements; retain_source_observation
265,largest_tradable_shareholder_shares,第一大流通股东持股量(股),ownership,shares,share,1,instant,official,not_reviewed,tdx_official_20260919;tdx_units_20260919;tdx_formula_fields_20260919,,,outside_three_statements; retain_source_observation
266,free_float_a_shares,自由流通股(股)[注：1.自由流通股=已流通A股-持股5%以上股东的流通A股（一致行动人算一起）；2.指标按报告期展示，新股在上市日的下个报告期才有数据],ownership,ratio,percent,1,instant,official,not_reviewed,tdx_official_20260919;tdx_units_20260919;tdx_formula_fields_20260919,,,outside_three_statements; retain_source_observation
267,restricted_tradable_a_shares,受限流通A股(股),ownership,shares,share,1,instant,official,not_reviewed,tdx_official_20260919;tdx_units_20260919;tdx_formula_fields_20260919,,,outside_three_statements; retain_source_observation
268,general_risk_reserve,一般风险准备(金融类),balance_sheet,monetary,CNY,1,instant,official,official_mapping,tdx_official_20260919;tdx_units_20260919;tdx_formula_fields_20260919,balance_sheet,main,official_definition; company_amount_not_individually_verified
269,other_comprehensive_income_profit_statement,其他综合收益(利润表),income_statement,monetary,CNY,1,ytd,official,reviewed_mapping,tdx_official_20260919;tdx_units_20260919;statement_expansion_20260919;tdx_formula_fields_20260919,income_statement,main,sample_evidence_reviewed; company_specific_applicability_not_guaranteed
270,comprehensive_income,综合收益总额(利润表),income_statement,monetary,CNY,1,ytd,official,reviewed_mapping,tdx_official_20260919;tdx_units_20260919;statement_expansion_20260919;tdx_formula_fields_20260919,income_statement,main,sample_evidence_reviewed; company_specific_applicability_not_guaranteed
271,equity_parent,归属于母公司股东权益(资产负债表),balance_sheet,monetary,CNY,1,instant,official,reviewed_mapping,tdx_official_20260919;tdx_units_20260919;tdx_formula_fields_20260919,balance_sheet,main,sample_evidence_reviewed; company_specific_applicability_not_guaranteed
272,bank_holder_count,银行机构数(家)(机构持股),mixed,count,count,1,instant,official,not_reviewed,tdx_official_20260919;tdx_units_20260919;tdx_formula_fields_20260919,,,outside_three_statements; retain_source_observation
273,bank_shares,银行持股量(股)(机构持股),mixed,shares,share,1,instant,official,not_reviewed,tdx_official_20260919;tdx_units_20260919;tdx_formula_fields_20260919,,,outside_three_statements; retain_source_observation
274,corporate_holder_count,一般法人机构数(家)(机构持股),mixed,count,count,1,instant,official,not_reviewed,tdx_official_20260919;tdx_units_20260919;tdx_formula_fields_20260919,,,outside_three_statements; retain_source_observation
275,corporate_shares,一般法人持股量(股)(机构持股),mixed,shares,share,1,instant,official,not_reviewed,tdx_official_20260919;tdx_units_20260919;tdx_formula_fields_20260919,,,outside_three_statements; retain_source_observation
276,reported_ttm_net_income,近一年净利润(元),mixed,monetary,CNY,1,ttm,official,not_reviewed,tdx_official_20260919;tdx_units_20260919;tdx_formula_fields_20260919,,,outside_three_statements; retain_source_observation
277,trust_holder_count,信托机构数(家)(机构持股),mixed,count,count,1,instant,official,not_reviewed,tdx_official_20260919;tdx_units_20260919;tdx_formula_fields_20260919,,,outside_three_statements; retain_source_observation
278,trust_shares,信托持股量(股)(机构持股),mixed,shares,share,1,instant,official,not_reviewed,tdx_official_20260919;tdx_units_20260919;tdx_formula_fields_20260919,,,outside_three_statements; retain_source_observation
279,special_legal_entity_holder_count,特殊法人机构数(家)(机构持股),mixed,count,count,1,instant,official,not_reviewed,tdx_official_20260919;tdx_units_20260919;tdx_formula_fields_20260919,,,outside_three_statements; retain_source_observation
280,special_legal_entity_shares,特殊法人持股量(股)(机构持股),mixed,shares,share,1,instant,official,not_reviewed,tdx_official_20260919;tdx_units_20260919;tdx_formula_fields_20260919,,,outside_three_statements; retain_source_observation
281,reported_weighted_return_on_equity,加权净资产收益率(每股指标),mixed,ratio,unspecified,,ytd,official,not_reviewed,tdx_official_20260919;tdx_units_20260919;tdx_formula_fields_20260919,,,outside_three_statements; retain_source_observation
282,adjusted_earnings_per_share_quarter,扣非每股收益(单季度财务指标),mixed,per_share,CNY/share,1,quarter,official,not_reviewed,tdx_official_20260919;tdx_units_20260919;tdx_formula_fields_20260919,,,outside_three_statements; retain_source_observation
283,reported_ttm_revenue,最近一年营业收入(万元),mixed,monetary,CNY,10000,ttm,official,not_reviewed,tdx_official_20260919;tdx_units_20260919;tdx_formula_fields_20260919,,,outside_three_statements; retain_source_observation
284,national_team_shares,国家队持股数量（万股)[注：本指标统计包含汇金公司、证金公司、外汇管理局旗下投资平台、国家队基金、国开、养老金以及中科汇通等国家队机构持股数量],mixed,shares,share,10000,instant,official,not_reviewed,tdx_official_20260919;tdx_units_20260919;tdx_formula_fields_20260919,,,outside_three_statements; retain_source_observation
285,forecast_parent_net_income_growth_lower,业绩预告-本期归母净利润同比增幅下限%[注：指标285至294展示未来一个报告期的数据。例，3月31日至6月29日这段时间内展示的是中报的数据；如果最新的财务报告后面有多个报告期的业绩预告/快报，只能展示最新的财务报告后面的一个报告期的业绩预告/快报],forecast,ratio,percent,1,future_or_unresolved,official,not_reviewed,tdx_official_20260919;tdx_units_20260919;tdx_formula_fields_20260919,,,outside_three_statements; retain_source_observation
286,forecast_parent_net_income_growth_upper,业绩预告-本期归母净利润同比增幅上限%,forecast,ratio,percent,1,future_or_unresolved,official,not_reviewed,tdx_official_20260919;tdx_units_20260919;tdx_formula_fields_20260919,,,outside_three_statements; retain_source_observation
287,preliminary_parent_net_income,业绩快报-归母净利润,preliminary,monetary,CNY,1,future_or_unresolved,official,not_reviewed,tdx_official_20260919;tdx_units_20260919;tdx_formula_fields_20260919,,,outside_three_statements; retain_source_observation
288,preliminary_adjusted_net_income,业绩快报-扣非净利润,preliminary,monetary,CNY,1,future_or_unresolved,official,not_reviewed,tdx_official_20260919;tdx_units_20260919;tdx_formula_fields_20260919,,,outside_three_statements; retain_source_observation
289,preliminary_total_assets,业绩快报-总资产,preliminary,monetary,CNY,1,future_or_unresolved,official,not_reviewed,tdx_official_20260919;tdx_units_20260919;tdx_formula_fields_20260919,,,outside_three_statements; retain_source_observation
290,preliminary_net_assets,业绩快报-净资产,preliminary,monetary,CNY,1,future_or_unresolved,official,not_reviewed,tdx_official_20260919;tdx_units_20260919;tdx_formula_fields_20260919,,,outside_three_statements; retain_source_observation
291,preliminary_earnings_per_share,业绩快报-每股收益,preliminary,per_share,CNY/share,1,future_or_unresolved,official,not_reviewed,tdx_official_20260919;tdx_units_20260919;tdx_formula_fields_20260919,,,outside_three_statements; retain_source_observation
292,preliminary_diluted_return_on_equity,业绩快报-摊薄净资产收益率,preliminary,ratio,unspecified,,future_or_unresolved,official,not_reviewed,tdx_official_20260919;tdx_units_20260919;tdx_formula_fields_20260919,,,outside_three_statements; retain_source_observation
293,preliminary_weighted_return_on_equity,业绩快报-加权净资产收益率,preliminary,ratio,unspecified,,future_or_unresolved,official,not_reviewed,tdx_official_20260919;tdx_units_20260919;tdx_formula_fields_20260919,,,outside_three_statements; retain_source_observation
294,preliminary_net_assets_per_share,业绩快报-每股净资产,preliminary,per_share,CNY/share,1,future_or_unresolved,official,not_reviewed,tdx_official_20260919;tdx_units_20260919;tdx_formula_fields_20260919,,,outside_three_statements; retain_source_observation
295,notes_and_accounts_payable,应付票据及应付账款(资产负债表),balance_sheet,monetary,CNY,1,instant,official,official_mapping,tdx_official_20260919;tdx_units_20260919;tdx_formula_fields_20260919,balance_sheet,main,official_definition; company_amount_not_individually_verified
296,notes_and_accounts_receivable,应收票据及应收账款(资产负债表),balance_sheet,monetary,CNY,1,instant,official,official_mapping,tdx_official_20260919;tdx_units_20260919;tdx_formula_fields_20260919,balance_sheet,main,official_definition; company_amount_not_individually_verified
297,deferred_income_noncurrent,递延收益(资产负债表-非流动负债),balance_sheet,monetary,CNY,1,instant,official,reviewed_mapping,tdx_official_20260919;tdx_units_20260919;statement_expansion_20260919;tdx_formula_fields_20260919,balance_sheet,main,sample_evidence_reviewed; company_specific_applicability_not_guaranteed
298,accumulated_other_comprehensive_income,其他综合收益(资产负债表),balance_sheet,monetary,CNY,1,instant,official,reviewed_mapping,tdx_official_20260919;tdx_units_20260919;statement_expansion_20260919;tdx_formula_fields_20260919,balance_sheet,main,sample_evidence_reviewed; company_specific_applicability_not_guaranteed
299,other_equity_instruments,其他权益工具(资产负债表),balance_sheet,monetary,CNY,1,instant,official,reviewed_mapping,tdx_official_20260919;tdx_units_20260919;tdx_formula_fields_20260919,balance_sheet,main,sample_evidence_reviewed; company_specific_applicability_not_guaranteed
300,other_income,其他收益(利润表),income_statement,monetary,CNY,1,ytd,official,reviewed_mapping,tdx_official_20260919;tdx_units_20260919;statement_expansion_20260919;tdx_formula_fields_20260919,income_statement,main,sample_evidence_reviewed; company_specific_applicability_not_guaranteed
301,asset_disposal_income,资产处置收益(利润表),income_statement,monetary,CNY,1,ytd,official,reviewed_mapping,tdx_official_20260919;tdx_units_20260919;tdx_formula_fields_20260919,income_statement,main,sample_evidence_reviewed; company_specific_applicability_not_guaranteed
302,continuing_operations_net_income,持续经营净利润(利润表),income_statement,monetary,CNY,1,ytd,official,reviewed_mapping,tdx_official_20260919;tdx_units_20260919;statement_expansion_20260919;tdx_formula_fields_20260919,income_statement,main,sample_evidence_reviewed; company_specific_applicability_not_guaranteed
303,discontinued_operations_net_income,终止经营净利润(利润表),income_statement,monetary,CNY,1,ytd,official,official_mapping,tdx_official_20260919;tdx_units_20260919;tdx_formula_fields_20260919,income_statement,main,official_definition; company_amount_not_individually_verified
304,research_and_development_expense,研发费用(利润表),income_statement,monetary,CNY,1,ytd,official,reviewed_mapping,tdx_official_20260919;tdx_units_20260919;tdx_formula_fields_20260919,income_statement,main,sample_evidence_reviewed; company_specific_applicability_not_guaranteed
305,interest_expense,其中:利息费用(利润表-财务费用),income_statement,monetary,CNY,1,ytd,official,reviewed_mapping,tdx_official_20260919;tdx_units_20260919;tdx_formula_fields_20260919,income_statement,main,sample_evidence_reviewed; company_specific_applicability_not_guaranteed
306,interest_income,其中:利息收入(利润表-财务费用),income_statement,monetary,CNY,1,ytd,official,reviewed_mapping,tdx_official_20260919;tdx_units_20260919;tdx_formula_fields_20260919,income_statement,main,sample_evidence_reviewed; company_specific_applicability_not_guaranteed
307,reported_ttm_operating_cash_flow,近一年经营活动现金流净额,mixed,monetary,CNY,1,ttm,official,not_reviewed,tdx_official_20260919;tdx_units_20260919;tdx_formula_fields_20260919,,,outside_three_statements; retain_source_observation
308,reported_ttm_parent_net_income,近一年归母净利润(万元),mixed,monetary,CNY,10000,ttm,official,not_reviewed,tdx_official_20260919;tdx_units_20260919;tdx_formula_fields_20260919,,,outside_three_statements; retain_source_observation
309,reported_ttm_adjusted_net_income,近一年扣非净利润(万元),mixed,monetary,CNY,10000,ttm,official,not_reviewed,tdx_official_20260919;tdx_units_20260919;tdx_formula_fields_20260919,,,outside_three_statements; retain_source_observation
310,reported_ttm_net_cash_increase,近一年现金净流量(万元),mixed,monetary,CNY,10000,ttm,official,not_reviewed,tdx_official_20260919;tdx_units_20260919;tdx_formula_fields_20260919,,,outside_three_statements; retain_source_observation
311,basic_earnings_per_share_quarter,基本每股收益（单季度）,mixed,per_share,CNY/share,1,quarter,official,official_mapping,tdx_official_20260919;tdx_units_20260919;tdx_formula_fields_20260919,income_statement,main,official_definition; company_amount_not_individually_verified
312,total_operating_revenue_quarter,营业总收入(单季度)(万元),mixed,monetary,CNY,10000,quarter,official,official_mapping,tdx_official_20260919;tdx_units_20260919;tdx_formula_fields_20260919,income_statement,main,official_definition; company_amount_not_individually_verified
313,forecast_announcement_date,"业绩预告公告日期 [注：本指标展示未来一个报告期的数据。例,3月31日至6月29日这段时间内展示的是中报的数据；如果最新的财务报告后面有多个报告期的业绩预告/快报，只能展示最新的财务报告后面的一个报告期的业绩预告/快报的数据；公告日期格式为YYMMDD，例：190101代表2019年1月1日]",forecast,date,YYMMDD,,event,official,not_reviewed,tdx_official_20260919;tdx_units_20260919;tdx_formula_fields_20260919,,,outside_three_statements; retain_source_observation
314,financial_report_announcement_date,"财报公告日期 [注：日期格式为YYMMDD,例：190101代表2019年1月1日]",mixed,date,YYMMDD,,event,official,not_reviewed,tdx_official_20260919;tdx_units_20260919;tdx_formula_fields_20260919,,,outside_three_statements; retain_source_observation
315,preliminary_announcement_date,"业绩快报公告日期 [注：本指标展示未来一个报告期的数据。例,3月31日至6月29日这段时间内展示的是中报的数据；如果最新的财务报告后面有多个报告期的业绩预告/快报，只能展示最新的财务报告后面的一个报告期的业绩预告/快报的数据；公告日期格式为YYMMDD，例：190101代表2019年1月1日]",preliminary,date,YYMMDD,,event,official,not_reviewed,tdx_official_20260919;tdx_units_20260919;tdx_formula_fields_20260919,,,outside_three_statements; retain_source_observation
316,reported_ttm_investing_cash_flow,近一年投资活动现金流净额(万元),mixed,monetary,CNY,10000,ttm,official,not_reviewed,tdx_official_20260919;tdx_units_20260919;tdx_formula_fields_20260919,,,outside_three_statements; retain_source_observation
317,forecast_parent_net_income_lower,业绩预告-本期归母净利润下限(万元)[注：指标317至318展示未来一个报告期的数据。例，3月31日至6月29日这段时间内展示的是中报的数据；如果最新的财务报告后面有多个报告期的业绩预告/快报，只能展示最新的财务报告后面的一个报告期的业绩预告/快报],forecast,monetary,CNY,10000,future_or_unresolved,official,not_reviewed,tdx_official_20260919;tdx_units_20260919;tdx_formula_fields_20260919,,,outside_three_statements; retain_source_observation
318,forecast_parent_net_income_upper,业绩预告-本期归母净利润上限(万元),forecast,monetary,CNY,10000,future_or_unresolved,official,not_reviewed,tdx_official_20260919;tdx_units_20260919;tdx_formula_fields_20260919,,,outside_three_statements; retain_source_observation
319,reported_ttm_total_operating_revenue,营业总收入TTM(万元),mixed,monetary,CNY,10000,ttm,official,not_reviewed,tdx_official_20260919;tdx_units_20260919;tdx_formula_fields_20260919,,,outside_three_statements; retain_source_observation
320,employee_count,员工总数(人),mixed,count,count,1,instant,official,not_reviewed,tdx_official_20260919;tdx_units_20260919;tdx_formula_fields_20260919,,,outside_three_statements; retain_source_observation
321,reported_fcff_per_share,每股企业自由现金流,mixed,per_share,CNY/share,1,unspecified,official,not_reviewed,tdx_official_20260919;tdx_units_20260919;tdx_formula_fields_20260919,,,outside_three_statements; retain_source_observation
322,reported_fcfe_per_share,每股股东自由现金流,mixed,per_share,CNY/share,1,unspecified,official,not_reviewed,tdx_official_20260919;tdx_units_20260919;tdx_formula_fields_20260919,,,outside_three_statements; retain_source_observation
323,reported_ttm_operating_profit,近一年营业利润(万元),mixed,monetary,CNY,10000,ttm,official,not_reviewed,tdx_official_20260919;tdx_units_20260919;tdx_formula_fields_20260919,,,outside_three_statements; retain_source_observation
324,net_income_quarter,净利润（单季度）(万元),mixed,monetary,CNY,10000,quarter,official,official_mapping,tdx_official_20260919;tdx_units_20260919;tdx_formula_fields_20260919,income_statement,main,official_definition; company_amount_not_individually_verified
325,northbound_holder_count,北上资金数（家）(机构持股）,mixed,count,count,1,instant,official,not_reviewed,tdx_official_20260919;tdx_units_20260919;tdx_formula_fields_20260919,,,outside_three_statements; retain_source_observation
326,northbound_shares,北上资金持股量（股）(机构持股）,mixed,shares,share,1,instant,official,not_reviewed,tdx_official_20260919;tdx_units_20260919;tdx_formula_fields_20260919,,,outside_three_statements; retain_source_observation
327,reported_interest_bearing_debt_ratio,有息负债率,mixed,ratio,unspecified,,unspecified,official,not_reviewed,tdx_official_20260919;tdx_units_20260919;tdx_formula_fields_20260919,,,outside_three_statements; retain_source_observation
328,cost_of_revenue_quarter,营业成本（单季度）(万元),mixed,monetary,CNY,10000,quarter,official,official_mapping,tdx_official_20260919;tdx_units_20260919;tdx_formula_fields_20260919,income_statement,main,official_definition; company_amount_not_individually_verified
329,reported_return_on_invested_capital,投入资本回报率（ROIC）(获利能力分析),mixed,ratio,unspecified,,unspecified,official,not_reviewed,tdx_official_20260919;tdx_units_20260919;tdx_formula_fields_20260919,,,outside_three_statements; retain_source_observation
330,preliminary_revenue_current,业绩快报-营业收入（本期）,preliminary,monetary,CNY,1,future_or_unresolved,official,not_reviewed,tdx_official_20260919;tdx_units_20260919;tdx_formula_fields_20260919,,,outside_three_statements; retain_source_observation
331,preliminary_revenue_prior,业绩快报-营业收入（上期）,preliminary,monetary,CNY,1,future_or_unresolved,official,not_reviewed,tdx_official_20260919;tdx_units_20260919;tdx_formula_fields_20260919,,,outside_three_statements; retain_source_observation
332,preliminary_operating_profit_current,业绩快报-营业利润（本期）,preliminary,monetary,CNY,1,future_or_unresolved,official,not_reviewed,tdx_official_20260919;tdx_units_20260919;tdx_formula_fields_20260919,,,outside_three_statements; retain_source_observation
333,preliminary_operating_profit_prior,业绩快报-营业利润（上期）,preliminary,monetary,CNY,1,future_or_unresolved,official,not_reviewed,tdx_official_20260919;tdx_units_20260919;tdx_formula_fields_20260919,,,outside_three_statements; retain_source_observation
334,preliminary_pretax_profit_current,业绩快报-利润总额（本期）,preliminary,monetary,CNY,1,future_or_unresolved,official,not_reviewed,tdx_official_20260919;tdx_units_20260919;tdx_formula_fields_20260919,,,outside_three_statements; retain_source_observation
335,preliminary_pretax_profit_prior,业绩快报-利润总额（上期）,preliminary,monetary,CNY,1,future_or_unresolved,official,not_reviewed,tdx_official_20260919;tdx_units_20260919;tdx_formula_fields_20260919,,,outside_three_statements; retain_source_observation
336,audit_opinion_code,"审计意见  [注：0-未审计,1-无保留意见,2-带强调事项段的无保留意见,3-保留意见,4-无法表示意见,5-否定意见及其他]",mixed,code,code,1,report,official,not_reviewed,tdx_official_20260919;tdx_units_20260919;tdx_formula_fields_20260919,,,outside_three_statements; retain_source_observation
337,reported_dividend_payout_ratio,股利支付率（%）,mixed,ratio,percent,1,unspecified,official,not_reviewed,tdx_official_20260919;tdx_units_20260919;tdx_formula_fields_20260919,,,outside_three_statements; retain_source_observation
338,reported_ttm_cost_of_revenue_nonfinancial,近一年营业成本-非金融类(万元),mixed,monetary,CNY,10000,ttm,official,not_reviewed,tdx_official_20260919;tdx_units_20260919;tdx_formula_fields_20260919,,,outside_three_statements; retain_source_observation
339,reported_ttm_cost_of_revenue_financial,近一年营业成本-金融类(万元),mixed,monetary,CNY,10000,ttm,official,not_reviewed,tdx_official_20260919;tdx_units_20260919;tdx_formula_fields_20260919,,,outside_three_statements; retain_source_observation
340,forecast_adjusted_net_income_lower,业绩预告-本期扣非后净利润下限(万元),forecast,monetary,CNY,10000,future_or_unresolved,official,not_reviewed,tdx_official_20260919;tdx_units_20260919,,,outside_three_statements; retain_source_observation
341,forecast_adjusted_net_income_upper,业绩预告-本期扣非后净利润上限(万元),forecast,monetary,CNY,10000,future_or_unresolved,official,not_reviewed,tdx_official_20260919;tdx_units_20260919,,,outside_three_statements; retain_source_observation
342,forecast_adjusted_net_income_growth_lower,业绩预告-本期扣非后净利润同比增长下限（%）,forecast,ratio,percent,1,future_or_unresolved,official,not_reviewed,tdx_official_20260919;tdx_units_20260919,,,outside_three_statements; retain_source_observation
343,forecast_adjusted_net_income_growth_upper,业绩预告-本期扣非后净利润同比增长上限（%）,forecast,ratio,percent,1,future_or_unresolved,official,not_reviewed,tdx_official_20260919;tdx_units_20260919,,,outside_three_statements; retain_source_observation
344,forecast_basic_eps_lower,业绩预告-预告基本每股收益下限(元),forecast,per_share,CNY/share,1,future_or_unresolved,official,not_reviewed,tdx_official_20260919;tdx_units_20260919,,,outside_three_statements; retain_source_observation
345,forecast_basic_eps_upper,业绩预告-预告基本每股收益上限(元),forecast,per_share,CNY/share,1,future_or_unresolved,official,not_reviewed,tdx_official_20260919;tdx_units_20260919,,,outside_three_statements; retain_source_observation
346,forecast_basic_eps_growth_lower,业绩预告-预告基本每股收益同比增长下限（%）,forecast,ratio,percent,1,future_or_unresolved,official,not_reviewed,tdx_official_20260919;tdx_units_20260919,,,outside_three_statements; retain_source_observation
347,forecast_basic_eps_growth_upper,业绩预告-预告基本每股收益同比增长上限（%）,forecast,ratio,percent,1,future_or_unresolved,official,not_reviewed,tdx_official_20260919;tdx_units_20260919,,,outside_three_statements; retain_source_observation
348,forecast_adjusted_eps_lower,业绩预告-预告扣非后基本每股收益下限(元),forecast,per_share,CNY/share,1,future_or_unresolved,official,not_reviewed,tdx_official_20260919;tdx_units_20260919,,,outside_three_statements; retain_source_observation
349,forecast_adjusted_eps_upper,业绩预告-预告扣非后基本每股收益上限(元),forecast,per_share,CNY/share,1,future_or_unresolved,official,not_reviewed,tdx_official_20260919;tdx_units_20260919,,,outside_three_statements; retain_source_observation
350,forecast_adjusted_eps_growth_lower,业绩预告-预告扣非后基本每股收益同比增长下限（%）,forecast,ratio,percent,1,future_or_unresolved,official,not_reviewed,tdx_official_20260919;tdx_units_20260919,,,outside_three_statements; retain_source_observation
351,forecast_adjusted_eps_growth_upper,业绩预告-预告扣非后基本每股收益同比增长上限（%）,forecast,ratio,percent,1,future_or_unresolved,official,not_reviewed,tdx_official_20260919;tdx_units_20260919,,,outside_three_statements; retain_source_observation
352,forecast_revenue_lower,业绩预告-预告营业收入下限(万元),forecast,monetary,CNY,10000,future_or_unresolved,official,not_reviewed,tdx_official_20260919;tdx_units_20260919,,,outside_three_statements; retain_source_observation
353,forecast_revenue_upper,业绩预告-预告营业收入上限(万元),forecast,monetary,CNY,10000,future_or_unresolved,official,not_reviewed,tdx_official_20260919;tdx_units_20260919,,,outside_three_statements; retain_source_observation
354,forecast_revenue_growth_lower,业绩预告-预告营业收入同比增长下限（%）,forecast,ratio,percent,1,future_or_unresolved,official,not_reviewed,tdx_official_20260919;tdx_units_20260919,,,outside_three_statements; retain_source_observation
355,forecast_revenue_growth_upper,业绩预告-预告营业收入同比增长上限（%）,forecast,ratio,percent,1,future_or_unresolved,official,not_reviewed,tdx_official_20260919;tdx_units_20260919,,,outside_three_statements; retain_source_observation
356,forecast_revenue_after_deductions_lower,业绩预告-预告扣除后营业收入下限(万元),forecast,monetary,CNY,10000,future_or_unresolved,official,not_reviewed,tdx_official_20260919;tdx_units_20260919,,,outside_three_statements; retain_source_observation
357,forecast_revenue_after_deductions_upper,业绩预告-预告扣除后营业收入上限(万元),forecast,monetary,CNY,10000,future_or_unresolved,official,not_reviewed,tdx_official_20260919;tdx_units_20260919,,,outside_three_statements; retain_source_observation
358,domestic_main_business_revenue,主营业务收入(内销)(万元),income_statement,monetary,CNY,10000,ytd,official,official_mapping,tdx_official_20260919;tdx_units_20260919,income_statement,main,official_definition; company_amount_not_individually_verified
359,overseas_main_business_revenue,主营业务收入(外销)(万元),income_statement,monetary,CNY,10000,ytd,official,official_mapping,tdx_official_20260919;tdx_units_20260919,income_statement,main,official_definition; company_amount_not_individually_verified
360,asset_management_plan_holder_count,资管计划机构数(家),mixed,count,count,1,instant,official,not_reviewed,tdx_official_20260919;tdx_units_20260919,,,outside_three_statements; retain_source_observation
361,asset_management_plan_shares,资管计划持股量(股),mixed,shares,share,1,instant,official,not_reviewed,tdx_official_20260919;tdx_units_20260919,,,outside_three_statements; retain_source_observation
362,reported_financial_score,财务总评分,mixed,score,score,1,unspecified,official,not_reviewed,tdx_official_20260919;tdx_units_20260919,,,outside_three_statements; retain_source_observation
363,,未公开定义,unpublished,unknown,unspecified,,unspecified,unpublished,not_reviewed,,,,unpublished_definition
364,,未公开定义,unpublished,unknown,unspecified,,unspecified,unpublished,not_reviewed,,,,unpublished_definition
365,,未公开定义,unpublished,unknown,unspecified,,unspecified,unpublished,not_reviewed,,,,unpublished_definition
366,,未公开定义,unpublished,unknown,unspecified,,unspecified,unpublished,not_reviewed,,,,unpublished_definition
367,,未公开定义,unpublished,unknown,unspecified,,unspecified,unpublished,not_reviewed,,,,unpublished_definition
368,,未公开定义,unpublished,unknown,unspecified,,unspecified,unpublished,not_reviewed,,,,unpublished_definition
369,,未公开定义,unpublished,unknown,unspecified,,unspecified,unpublished,not_reviewed,,,,unpublished_definition
370,,未公开定义,unpublished,unknown,unspecified,,unspecified,unpublished,not_reviewed,,,,unpublished_definition
371,,未公开定义,unpublished,unknown,unspecified,,unspecified,unpublished,not_reviewed,,,,unpublished_definition
372,,未公开定义,unpublished,unknown,unspecified,,unspecified,unpublished,not_reviewed,,,,unpublished_definition
373,,未公开定义,unpublished,unknown,unspecified,,unspecified,unpublished,not_reviewed,,,,unpublished_definition
374,,未公开定义,unpublished,unknown,unspecified,,unspecified,unpublished,not_reviewed,,,,unpublished_definition
375,,未公开定义,unpublished,unknown,unspecified,,unspecified,unpublished,not_reviewed,,,,unpublished_definition
376,,未公开定义,unpublished,unknown,unspecified,,unspecified,unpublished,not_reviewed,,,,unpublished_definition
377,,未公开定义,unpublished,unknown,unspecified,,unspecified,unpublished,not_reviewed,,,,unpublished_definition
378,,未公开定义,unpublished,unknown,unspecified,,unspecified,unpublished,not_reviewed,,,,unpublished_definition
379,,未公开定义,unpublished,unknown,unspecified,,unspecified,unpublished,not_reviewed,,,,unpublished_definition
380,,未公开定义,unpublished,unknown,unspecified,,unspecified,unpublished,not_reviewed,,,,unpublished_definition
381,,未公开定义,unpublished,unknown,unspecified,,unspecified,unpublished,not_reviewed,,,,unpublished_definition
382,,未公开定义,unpublished,unknown,unspecified,,unspecified,unpublished,not_reviewed,,,,unpublished_definition
383,,未公开定义,unpublished,unknown,unspecified,,unspecified,unpublished,not_reviewed,,,,unpublished_definition
384,,未公开定义,unpublished,unknown,unspecified,,unspecified,unpublished,not_reviewed,,,,unpublished_definition
385,,未公开定义,unpublished,unknown,unspecified,,unspecified,unpublished,not_reviewed,,,,unpublished_definition
386,,未公开定义,unpublished,unknown,unspecified,,unspecified,unpublished,not_reviewed,,,,unpublished_definition
387,,未公开定义,unpublished,unknown,unspecified,,unspecified,unpublished,not_reviewed,,,,unpublished_definition
388,,未公开定义,unpublished,unknown,unspecified,,unspecified,unpublished,not_reviewed,,,,unpublished_definition
389,,未公开定义,unpublished,unknown,unspecified,,unspecified,unpublished,not_reviewed,,,,unpublished_definition
390,,未公开定义,unpublished,unknown,unspecified,,unspecified,unpublished,not_reviewed,,,,unpublished_definition
391,,未公开定义,unpublished,unknown,unspecified,,unspecified,unpublished,not_reviewed,,,,unpublished_definition
392,,未公开定义,unpublished,unknown,unspecified,,unspecified,unpublished,not_reviewed,,,,unpublished_definition
393,,未公开定义,unpublished,unknown,unspecified,,unspecified,unpublished,not_reviewed,,,,unpublished_definition
394,,未公开定义,unpublished,unknown,unspecified,,unspecified,unpublished,not_reviewed,,,,unpublished_definition
395,,未公开定义,unpublished,unknown,unspecified,,unspecified,unpublished,not_reviewed,,,,unpublished_definition
396,,未公开定义,unpublished,unknown,unspecified,,unspecified,unpublished,not_reviewed,,,,unpublished_definition
397,,未公开定义,unpublished,unknown,unspecified,,unspecified,unpublished,not_reviewed,,,,unpublished_definition
398,,未公开定义,unpublished,unknown,unspecified,,unspecified,unpublished,not_reviewed,,,,unpublished_definition
399,,未公开定义,unpublished,unknown,unspecified,,unspecified,unpublished,not_reviewed,,,,unpublished_definition
400,,未公开定义,unpublished,unknown,unspecified,,unspecified,unpublished,not_reviewed,,,,unpublished_definition
401,special_reserve,专项储备(万元),balance_sheet,monetary,CNY,10000,instant,official,official_mapping,tdx_official_20260919;tdx_units_20260919;tdx_formula_fields_20260919,balance_sheet,main,official_definition; company_amount_not_individually_verified
402,settlement_reserve,结算备付金(万元),balance_sheet,monetary,CNY,10000,instant,official,official_mapping,tdx_official_20260919;tdx_units_20260919;tdx_formula_fields_20260919,balance_sheet,main,official_definition; company_amount_not_individually_verified
403,funds_lent,拆出资金(万元),balance_sheet,monetary,CNY,10000,instant,official,reviewed_mapping,tdx_official_20260919;tdx_units_20260919;tdx_formula_fields_20260919,balance_sheet,main,sample_evidence_reviewed; company_specific_applicability_not_guaranteed
404,loans_and_advances_current,发放贷款及垫款(万元)(流动资产科目),balance_sheet,monetary,CNY,10000,instant,official,official_mapping,tdx_official_20260919;tdx_units_20260919;tdx_formula_fields_20260919,balance_sheet,main,official_definition; company_amount_not_individually_verified
405,derivative_financial_assets,衍生金融资产(万元),balance_sheet,monetary,CNY,10000,instant,official,reviewed_mapping,tdx_official_20260919;tdx_units_20260919;statement_expansion_20260919;tdx_formula_fields_20260919,balance_sheet,main,sample_evidence_reviewed; company_specific_applicability_not_guaranteed
406,premiums_receivable,应收保费(万元),balance_sheet,monetary,CNY,10000,instant,official,official_mapping,tdx_official_20260919;tdx_units_20260919;tdx_formula_fields_20260919,balance_sheet,main,official_definition; company_amount_not_individually_verified
407,reinsurance_receivables,应收分保账款(万元),balance_sheet,monetary,CNY,10000,instant,official,official_mapping,tdx_official_20260919;tdx_units_20260919;tdx_formula_fields_20260919,balance_sheet,main,official_definition; company_amount_not_individually_verified
408,reinsurance_contract_reserves_receivable,应收分保合同准备金(万元),balance_sheet,monetary,CNY,10000,instant,official,official_mapping,tdx_official_20260919;tdx_units_20260919;tdx_formula_fields_20260919,balance_sheet,main,official_definition; company_amount_not_individually_verified
409,financial_assets_purchased_under_resale_agreements,买入返售金融资产(万元),balance_sheet,monetary,CNY,10000,instant,official,reviewed_mapping,tdx_official_20260919;tdx_units_20260919;tdx_formula_fields_20260919,balance_sheet,main,sample_evidence_reviewed; company_specific_applicability_not_guaranteed
410,assets_held_for_sale,划分为持有待售的资产(万元),balance_sheet,monetary,CNY,10000,instant,official,official_mapping,tdx_official_20260919;tdx_units_20260919;tdx_formula_fields_20260919,balance_sheet,main,official_definition; company_amount_not_individually_verified
411,loans_and_advances_noncurrent,发放贷款及垫款(万元)(非流动资产科目),balance_sheet,monetary,CNY,10000,instant,official,reviewed_mapping,tdx_official_20260919;tdx_units_20260919;tdx_formula_fields_20260919,balance_sheet,main,sample_evidence_reviewed; company_specific_applicability_not_guaranteed
412,central_bank_borrowings,向中央银行借款(万元),balance_sheet,monetary,CNY,10000,instant,official,official_mapping,tdx_official_20260919;tdx_units_20260919;tdx_formula_fields_20260919,balance_sheet,main,official_definition; company_amount_not_individually_verified
413,deposits_and_interbank_placements,吸收存款及同业存放(万元),balance_sheet,monetary,CNY,10000,instant,official,reviewed_mapping,tdx_official_20260919;tdx_units_20260919;tdx_formula_fields_20260919,balance_sheet,main,sample_evidence_reviewed; company_specific_applicability_not_guaranteed
414,interbank_borrowings,拆入资金(万元),balance_sheet,monetary,CNY,10000,instant,official,official_mapping,tdx_official_20260919;tdx_units_20260919;tdx_formula_fields_20260919,balance_sheet,main,official_definition; company_amount_not_individually_verified
415,derivative_financial_liabilities,衍生金融负债(万元),balance_sheet,monetary,CNY,10000,instant,official,reviewed_mapping,tdx_official_20260919;tdx_units_20260919;statement_expansion_20260919;tdx_formula_fields_20260919,balance_sheet,main,sample_evidence_reviewed; company_specific_applicability_not_guaranteed
416,financial_assets_sold_under_repurchase_agreements,卖出回购金融资产款(万元),balance_sheet,monetary,CNY,10000,instant,official,official_mapping,tdx_official_20260919;tdx_units_20260919;tdx_formula_fields_20260919,balance_sheet,main,official_definition; company_amount_not_individually_verified
417,fees_and_commissions_payable,应付手续费及佣金(万元),balance_sheet,monetary,CNY,10000,instant,official,official_mapping,tdx_official_20260919;tdx_units_20260919;tdx_formula_fields_20260919,balance_sheet,main,official_definition; company_amount_not_individually_verified
418,reinsurance_payables,应付分保账款(万元),balance_sheet,monetary,CNY,10000,instant,official,official_mapping,tdx_official_20260919;tdx_units_20260919;tdx_formula_fields_20260919,balance_sheet,main,official_definition; company_amount_not_individually_verified
419,insurance_contract_reserves,保险合同准备金(万元),balance_sheet,monetary,CNY,10000,instant,official,official_mapping,tdx_official_20260919;tdx_units_20260919;tdx_formula_fields_20260919,balance_sheet,main,official_definition; company_amount_not_individually_verified
420,brokerage_client_payables,代理买卖证券款(万元),balance_sheet,monetary,CNY,10000,instant,official,official_mapping,tdx_official_20260919;tdx_units_20260919;tdx_formula_fields_20260919,balance_sheet,main,official_definition; company_amount_not_individually_verified
421,underwriting_client_payables,代理承销证券款(万元),balance_sheet,monetary,CNY,10000,instant,official,official_mapping,tdx_official_20260919;tdx_units_20260919;tdx_formula_fields_20260919,balance_sheet,main,official_definition; company_amount_not_individually_verified
422,liabilities_held_for_sale,划分为持有待售的负债(万元),balance_sheet,monetary,CNY,10000,instant,official,official_mapping,tdx_official_20260919;tdx_units_20260919;tdx_formula_fields_20260919,balance_sheet,main,official_definition; company_amount_not_individually_verified
423,provisions_current,预计负债(万元) （流动负债）,balance_sheet,monetary,CNY,10000,instant,official,official_mapping,tdx_official_20260919;tdx_units_20260919;tdx_formula_fields_20260919,balance_sheet,main,official_definition; company_amount_not_individually_verified
424,deferred_income_current,递延收益(万元)（流动负债科目，公告此科目的股票较少，大部分公司没有此数据）,balance_sheet,monetary,CNY,10000,instant,official,official_mapping,tdx_official_20260919;tdx_units_20260919;tdx_formula_fields_20260919,balance_sheet,main,official_definition; company_amount_not_individually_verified
425,preferred_stock_liabilities,其中:优先股(万元)(非流动负债科目),balance_sheet,monetary,CNY,10000,instant,official,official_mapping,tdx_official_20260919;tdx_units_20260919;tdx_formula_fields_20260919,balance_sheet,main,official_definition; company_amount_not_individually_verified
426,perpetual_bond_liabilities,永续债(万元)(非流动负债科目),balance_sheet,monetary,CNY,10000,instant,official,official_mapping,tdx_official_20260919;tdx_units_20260919;tdx_formula_fields_20260919,balance_sheet,main,official_definition; company_amount_not_individually_verified
427,long_term_employee_benefits_payable,长期应付职工薪酬(万元),balance_sheet,monetary,CNY,10000,instant,official,reviewed_mapping,tdx_official_20260919;tdx_units_20260919;statement_expansion_20260919;tdx_formula_fields_20260919,balance_sheet,main,sample_evidence_reviewed; company_specific_applicability_not_guaranteed
428,preferred_stock_equity,其中:优先股(万元)(所有者权益科目),balance_sheet,monetary,CNY,10000,instant,official,official_mapping,tdx_official_20260919;tdx_units_20260919;tdx_formula_fields_20260919,balance_sheet,main,official_definition; company_amount_not_individually_verified
429,perpetual_bond_equity,永续债(万元)(所有者权益科目),balance_sheet,monetary,CNY,10000,instant,official,official_mapping,tdx_official_20260919;tdx_units_20260919;tdx_formula_fields_20260919,balance_sheet,main,official_definition; company_amount_not_individually_verified
430,debt_investments,债权投资(万元),balance_sheet,monetary,CNY,10000,instant,official,reviewed_mapping,tdx_official_20260919;tdx_units_20260919;tdx_formula_fields_20260919,balance_sheet,main,sample_evidence_reviewed; company_specific_applicability_not_guaranteed
431,other_debt_investments,其他债权投资(万元),balance_sheet,monetary,CNY,10000,instant,official,reviewed_mapping,tdx_official_20260919;tdx_units_20260919;tdx_formula_fields_20260919,balance_sheet,main,sample_evidence_reviewed; company_specific_applicability_not_guaranteed
432,other_equity_instrument_investments,其他权益工具投资(万元),balance_sheet,monetary,CNY,10000,instant,official,official_mapping,tdx_official_20260919;tdx_units_20260919;tdx_formula_fields_20260919,balance_sheet,main,official_definition; company_amount_not_individually_verified
433,other_noncurrent_financial_assets,其他非流动金融资产(万元),balance_sheet,monetary,CNY,10000,instant,official,reviewed_mapping,tdx_official_20260919;tdx_units_20260919;tdx_formula_fields_20260919,balance_sheet,main,sample_evidence_reviewed; company_specific_applicability_not_guaranteed
434,contract_liabilities,合同负债(万元),balance_sheet,monetary,CNY,10000,instant,official,reviewed_mapping,tdx_official_20260919;tdx_units_20260919;tdx_formula_fields_20260919,balance_sheet,main,sample_evidence_reviewed; company_specific_applicability_not_guaranteed
435,contract_assets,合同资产(万元),balance_sheet,monetary,CNY,10000,instant,official,official_mapping,tdx_official_20260919;tdx_units_20260919;tdx_formula_fields_20260919,balance_sheet,main,official_definition; company_amount_not_individually_verified
436,other_assets,其他资产(万元),balance_sheet,monetary,CNY,10000,instant,official,official_mapping,tdx_official_20260919;tdx_units_20260919;tdx_formula_fields_20260919,balance_sheet,main,official_definition; company_amount_not_individually_verified
437,receivables_financing,应收款项融资(万元),balance_sheet,monetary,CNY,10000,instant,official,reviewed_mapping,tdx_official_20260919;tdx_units_20260919;tdx_formula_fields_20260919,balance_sheet,main,sample_evidence_reviewed; company_specific_applicability_not_guaranteed
438,right_of_use_assets,使用权资产(万元),balance_sheet,monetary,CNY,10000,instant,official,reviewed_mapping,tdx_official_20260919;tdx_units_20260919;statement_expansion_20260919;tdx_formula_fields_20260919,balance_sheet,main,sample_evidence_reviewed; company_specific_applicability_not_guaranteed
439,lease_liabilities,租赁负债(万元),balance_sheet,monetary,CNY,10000,instant,official,reviewed_mapping,tdx_official_20260919;tdx_units_20260919;tdx_formula_fields_20260919,balance_sheet,main,sample_evidence_reviewed; company_specific_applicability_not_guaranteed
440,financial_loans_and_advances,发放贷款及垫款(万元)  [注：金融类科目],balance_sheet,monetary,CNY,10000,instant,official,not_reviewed,tdx_official_20260919;tdx_units_20260919;tdx_formula_fields_20260919,balance_sheet,main,ambiguous_source_variant
441,securities_business_receivables,应收款项(万元)  [注：证券类指标],balance_sheet,monetary,CNY,10000,instant,official,official_mapping,tdx_official_20260919;tdx_units_20260919;tdx_formula_fields_20260919,balance_sheet,main,official_definition; company_amount_not_individually_verified
442,deposits_paid,存出保证金(万元)  [注：证券类指标],balance_sheet,monetary,CNY,10000,instant,official,official_mapping,tdx_official_20260919;tdx_units_20260919;tdx_formula_fields_20260919,balance_sheet,main,official_definition; company_amount_not_individually_verified
443,financial_cash_and_central_bank_balances,现金及存放中央银行款项(万元)  [注：金融类科目],balance_sheet,monetary,CNY,10000,instant,official,official_mapping,tdx_official_20260919;tdx_units_20260919,balance_sheet,main,official_definition; company_amount_not_individually_verified
444,precious_metals,贵金属(万元)  [注：金融类科目],balance_sheet,monetary,CNY,10000,instant,official,official_mapping,tdx_official_20260919;tdx_units_20260919,balance_sheet,main,official_definition; company_amount_not_individually_verified
445,financial_assets_at_fair_value_through_profit_or_loss,以公允价值计量且其变动计入当期损益的金融资产(万元)  [注：金融类科目],balance_sheet,monetary,CNY,10000,instant,official,official_mapping,tdx_official_20260919;tdx_units_20260919,balance_sheet,main,official_definition; company_amount_not_individually_verified
446,agency_business_assets,代理业务资产(万元)  [注：金融类科目],balance_sheet,monetary,CNY,10000,instant,official,official_mapping,tdx_official_20260919;tdx_units_20260919,balance_sheet,main,official_definition; company_amount_not_individually_verified
447,receivable_investments,应收款项类投资(万元)  [注：金融类科目],balance_sheet,monetary,CNY,10000,instant,official,official_mapping,tdx_official_20260919;tdx_units_20260919,balance_sheet,main,official_definition; company_amount_not_individually_verified
448,interbank_and_financial_institution_deposits,同业及其它金融机构存放款项(万元)  [注：金融类科目],balance_sheet,monetary,CNY,10000,instant,official,official_mapping,tdx_official_20260919;tdx_units_20260919,balance_sheet,main,official_definition; company_amount_not_individually_verified
449,financial_liabilities_at_fair_value_through_profit_or_loss,以公允价值计量且其变动计入当期损益的金融负债(万元)  [注：金融类科目],balance_sheet,monetary,CNY,10000,instant,official,official_mapping,tdx_official_20260919;tdx_units_20260919,balance_sheet,main,official_definition; company_amount_not_individually_verified
450,customer_deposits,吸收存款(万元)  [注：金融类科目],balance_sheet,monetary,CNY,10000,instant,official,official_mapping,tdx_official_20260919;tdx_units_20260919,balance_sheet,main,official_definition; company_amount_not_individually_verified
451,agency_business_liabilities,代理业务负债(万元)  [注：金融类科目],balance_sheet,monetary,CNY,10000,instant,official,official_mapping,tdx_official_20260919;tdx_units_20260919,balance_sheet,main,official_definition; company_amount_not_individually_verified
452,other_liabilities,其他负债(万元)  [注：金融类科目],balance_sheet,monetary,CNY,10000,instant,official,official_mapping,tdx_official_20260919;tdx_units_20260919,balance_sheet,main,official_definition; company_amount_not_individually_verified
453,financial_loans_and_advances,发放贷款及垫款(万元)  [注：金融类科目],balance_sheet,monetary,CNY,10000,instant,official,not_reviewed,tdx_official_20260919;tdx_units_20260919,balance_sheet,main,ambiguous_source_variant
454,,未公开定义,unpublished,unknown,unspecified,,unspecified,unpublished,not_reviewed,,,,unpublished_definition
455,,未公开定义,unpublished,unknown,unspecified,,unspecified,unpublished,not_reviewed,,,,unpublished_definition
456,,未公开定义,unpublished,unknown,unspecified,,unspecified,unpublished,not_reviewed,,,,unpublished_definition
457,,未公开定义,unpublished,unknown,unspecified,,unspecified,unpublished,not_reviewed,,,,unpublished_definition
458,,未公开定义,unpublished,unknown,unspecified,,unspecified,unpublished,not_reviewed,,,,unpublished_definition
459,,未公开定义,unpublished,unknown,unspecified,,unspecified,unpublished,not_reviewed,,,,unpublished_definition
460,,未公开定义,unpublished,unknown,unspecified,,unspecified,unpublished,not_reviewed,,,,unpublished_definition
461,,未公开定义,unpublished,unknown,unspecified,,unspecified,unpublished,not_reviewed,,,,unpublished_definition
462,,未公开定义,unpublished,unknown,unspecified,,unspecified,unpublished,not_reviewed,,,,unpublished_definition
463,,未公开定义,unpublished,unknown,unspecified,,unspecified,unpublished,not_reviewed,,,,unpublished_definition
464,,未公开定义,unpublished,unknown,unspecified,,unspecified,unpublished,not_reviewed,,,,unpublished_definition
465,,未公开定义,unpublished,unknown,unspecified,,unspecified,unpublished,not_reviewed,,,,unpublished_definition
466,,未公开定义,unpublished,unknown,unspecified,,unspecified,unpublished,not_reviewed,,,,unpublished_definition
467,,未公开定义,unpublished,unknown,unspecified,,unspecified,unpublished,not_reviewed,,,,unpublished_definition
468,,未公开定义,unpublished,unknown,unspecified,,unspecified,unpublished,not_reviewed,,,,unpublished_definition
469,,未公开定义,unpublished,unknown,unspecified,,unspecified,unpublished,not_reviewed,,,,unpublished_definition
470,,未公开定义,unpublished,unknown,unspecified,,unspecified,unpublished,not_reviewed,,,,unpublished_definition
471,,未公开定义,unpublished,unknown,unspecified,,unspecified,unpublished,not_reviewed,,,,unpublished_definition
472,,未公开定义,unpublished,unknown,unspecified,,unspecified,unpublished,not_reviewed,,,,unpublished_definition
473,,未公开定义,unpublished,unknown,unspecified,,unspecified,unpublished,not_reviewed,,,,unpublished_definition
474,,未公开定义,unpublished,unknown,unspecified,,unspecified,unpublished,not_reviewed,,,,unpublished_definition
475,,未公开定义,unpublished,unknown,unspecified,,unspecified,unpublished,not_reviewed,,,,unpublished_definition
476,,未公开定义,unpublished,unknown,unspecified,,unspecified,unpublished,not_reviewed,,,,unpublished_definition
477,,未公开定义,unpublished,unknown,unspecified,,unspecified,unpublished,not_reviewed,,,,unpublished_definition
478,,未公开定义,unpublished,unknown,unspecified,,unspecified,unpublished,not_reviewed,,,,unpublished_definition
479,,未公开定义,unpublished,unknown,unspecified,,unspecified,unpublished,not_reviewed,,,,unpublished_definition
480,,未公开定义,unpublished,unknown,unspecified,,unspecified,unpublished,not_reviewed,,,,unpublished_definition
481,,未公开定义,unpublished,unknown,unspecified,,unspecified,unpublished,not_reviewed,,,,unpublished_definition
482,,未公开定义,unpublished,unknown,unspecified,,unspecified,unpublished,not_reviewed,,,,unpublished_definition
483,,未公开定义,unpublished,unknown,unspecified,,unspecified,unpublished,not_reviewed,,,,unpublished_definition
484,,未公开定义,unpublished,unknown,unspecified,,unspecified,unpublished,not_reviewed,,,,unpublished_definition
485,,未公开定义,unpublished,unknown,unspecified,,unspecified,unpublished,not_reviewed,,,,unpublished_definition
486,,未公开定义,unpublished,unknown,unspecified,,unspecified,unpublished,not_reviewed,,,,unpublished_definition
487,,未公开定义,unpublished,unknown,unspecified,,unspecified,unpublished,not_reviewed,,,,unpublished_definition
488,,未公开定义,unpublished,unknown,unspecified,,unspecified,unpublished,not_reviewed,,,,unpublished_definition
489,,未公开定义,unpublished,unknown,unspecified,,unspecified,unpublished,not_reviewed,,,,unpublished_definition
490,,未公开定义,unpublished,unknown,unspecified,,unspecified,unpublished,not_reviewed,,,,unpublished_definition
491,,未公开定义,unpublished,unknown,unspecified,,unspecified,unpublished,not_reviewed,,,,unpublished_definition
492,,未公开定义,unpublished,unknown,unspecified,,unspecified,unpublished,not_reviewed,,,,unpublished_definition
493,,未公开定义,unpublished,unknown,unspecified,,unspecified,unpublished,not_reviewed,,,,unpublished_definition
494,,未公开定义,unpublished,unknown,unspecified,,unspecified,unpublished,not_reviewed,,,,unpublished_definition
495,,未公开定义,unpublished,unknown,unspecified,,unspecified,unpublished,not_reviewed,,,,unpublished_definition
496,,未公开定义,unpublished,unknown,unspecified,,unspecified,unpublished,not_reviewed,,,,unpublished_definition
497,,未公开定义,unpublished,unknown,unspecified,,unspecified,unpublished,not_reviewed,,,,unpublished_definition
498,,未公开定义,unpublished,unknown,unspecified,,unspecified,unpublished,not_reviewed,,,,unpublished_definition
499,,未公开定义,unpublished,unknown,unspecified,,unspecified,unpublished,not_reviewed,,,,unpublished_definition
500,,未公开定义,unpublished,unknown,unspecified,,unspecified,unpublished,not_reviewed,,,,unpublished_definition
501,diluted_earnings_per_share,稀释每股收益(元),income_statement,per_share,CNY/share,1,ytd,official,official_mapping,tdx_official_20260919;tdx_units_20260919;tdx_formula_fields_20260919,income_statement,main,official_definition; company_amount_not_individually_verified
502,total_operating_revenue,营业总收入(万元),income_statement,monetary,CNY,10000,ytd,official,reviewed_mapping,tdx_official_20260919;tdx_units_20260919;statement_expansion_20260919;tdx_formula_fields_20260919,income_statement,main,sample_evidence_reviewed; company_specific_applicability_not_guaranteed
503,exchange_income,汇兑收益(万元),income_statement,monetary,CNY,10000,ytd,official,official_mapping,tdx_official_20260919;tdx_units_20260919;tdx_formula_fields_20260919,income_statement,main,official_definition; company_amount_not_individually_verified
504,comprehensive_income_parent,其中:归属于母公司综合收益(万元),income_statement,monetary,CNY,10000,ytd,official,reviewed_mapping,tdx_official_20260919;tdx_units_20260919;statement_expansion_20260919;tdx_formula_fields_20260919,income_statement,main,sample_evidence_reviewed; company_specific_applicability_not_guaranteed
505,comprehensive_income_minority,其中:归属于少数股东综合收益(万元),income_statement,monetary,CNY,10000,ytd,official,reviewed_mapping,tdx_official_20260919;tdx_units_20260919;statement_expansion_20260919;tdx_formula_fields_20260919,income_statement,main,sample_evidence_reviewed; company_specific_applicability_not_guaranteed
506,financial_business_interest_income,利息收入(万元),income_statement,monetary,CNY,10000,ytd,official,reviewed_mapping,tdx_official_20260919;tdx_units_20260919;tdx_formula_fields_20260919,income_statement,main,sample_evidence_reviewed; company_specific_applicability_not_guaranteed
507,earned_premiums,已赚保费(万元),income_statement,monetary,CNY,10000,ytd,official,official_mapping,tdx_official_20260919;tdx_units_20260919;tdx_formula_fields_20260919,income_statement,main,official_definition; company_amount_not_individually_verified
508,fee_and_commission_income,手续费及佣金收入(万元),income_statement,monetary,CNY,10000,ytd,official,official_mapping,tdx_official_20260919;tdx_units_20260919;tdx_formula_fields_20260919,income_statement,main,official_definition; company_amount_not_individually_verified
509,financial_business_interest_expense,利息支出(万元),income_statement,monetary,CNY,10000,ytd,official,reviewed_mapping,tdx_official_20260919;tdx_units_20260919;tdx_formula_fields_20260919,income_statement,main,sample_evidence_reviewed; company_specific_applicability_not_guaranteed
510,financial_business_fee_expense,手续费及佣金支出(万元),income_statement,monetary,CNY,10000,ytd,official,reviewed_mapping,tdx_official_20260919;tdx_units_20260919;tdx_formula_fields_20260919,income_statement,main,sample_evidence_reviewed; company_specific_applicability_not_guaranteed
511,surrendered_premiums,退保金(万元),income_statement,monetary,CNY,10000,ytd,official,official_mapping,tdx_official_20260919;tdx_units_20260919;tdx_formula_fields_20260919,income_statement,main,official_definition; company_amount_not_individually_verified
512,net_claims_paid,赔付支出净额(万元),income_statement,monetary,CNY,10000,ytd,official,official_mapping,tdx_official_20260919;tdx_units_20260919;tdx_formula_fields_20260919,income_statement,main,official_definition; company_amount_not_individually_verified
513,insurance_contract_reserve_expense,提取保险合同准备金净额(万元),income_statement,monetary,CNY,10000,ytd,official,official_mapping,tdx_official_20260919;tdx_units_20260919;tdx_formula_fields_20260919,income_statement,main,official_definition; company_amount_not_individually_verified
514,policyholder_dividend_expense,保单红利支出(万元),income_statement,monetary,CNY,10000,ytd,official,official_mapping,tdx_official_20260919;tdx_units_20260919;tdx_formula_fields_20260919,income_statement,main,official_definition; company_amount_not_individually_verified
515,reinsurance_expenses,分保费用(万元),income_statement,monetary,CNY,10000,ytd,official,official_mapping,tdx_official_20260919;tdx_units_20260919;tdx_formula_fields_20260919,income_statement,main,official_definition; company_amount_not_individually_verified
516,noncurrent_asset_disposal_gain,其中:非流动资产处置利得(万元),income_statement,monetary,CNY,10000,ytd,official,official_mapping,tdx_official_20260919;tdx_units_20260919;tdx_formula_fields_20260919,income_statement,main,official_definition; company_amount_not_individually_verified
517,credit_impairment_loss,信用减值损失(万元),income_statement,monetary,CNY,10000,ytd,official,official_mapping,tdx_official_20260919;tdx_units_20260919;tdx_formula_fields_20260919,income_statement,main,official_definition; company_amount_not_individually_verified
518,net_exposure_hedging_income,净敞口套期收益(万元),income_statement,monetary,CNY,10000,ytd,official,official_mapping,tdx_official_20260919;tdx_units_20260919;tdx_formula_fields_20260919,income_statement,main,official_definition; company_amount_not_individually_verified
519,total_operating_cost,营业总成本(万元),income_statement,monetary,CNY,10000,ytd,official,reviewed_mapping,tdx_official_20260919;tdx_units_20260919;statement_expansion_20260919;tdx_formula_fields_20260919,income_statement,main,sample_evidence_reviewed; company_specific_applicability_not_guaranteed
520,credit_impairment_income,信用减值损失(万元、2019格式),income_statement,monetary,CNY,10000,ytd,official,reviewed_mapping,tdx_official_20260919;tdx_units_20260919;tdx_formula_fields_20260919,income_statement,main,sample_evidence_reviewed; company_specific_applicability_not_guaranteed
521,asset_impairment_income,资产减值损失(万元、2019格式),income_statement,monetary,CNY,10000,ytd,official,reviewed_mapping,tdx_official_20260919;tdx_units_20260919;statement_expansion_20260919;tdx_formula_fields_20260919,income_statement,main,sample_evidence_reviewed; company_specific_applicability_not_guaranteed
522,financial_other_operating_income,其他业务收入(万元)  [注：金融类科目],income_statement,monetary,CNY,10000,ytd,official,official_mapping,tdx_official_20260919;tdx_units_20260919,income_statement,main,official_definition; company_amount_not_individually_verified
523,financial_business_and_administrative_expense,业务及管理费(万元)  [注：金融类科目],income_statement,monetary,CNY,10000,ytd,official,official_mapping,tdx_official_20260919;tdx_units_20260919,income_statement,main,official_definition; company_amount_not_individually_verified
524,financial_other_operating_cost,其他业务成本(万元)  [注：金融类科目],income_statement,monetary,CNY,10000,ytd,official,official_mapping,tdx_official_20260919;tdx_units_20260919,income_statement,main,official_definition; company_amount_not_individually_verified
525,,未公开定义,unpublished,unknown,unspecified,,unspecified,unpublished,not_reviewed,,,,unpublished_definition
526,,未公开定义,unpublished,unknown,unspecified,,unspecified,unpublished,not_reviewed,,,,unpublished_definition
527,,未公开定义,unpublished,unknown,unspecified,,unspecified,unpublished,not_reviewed,,,,unpublished_definition
528,,未公开定义,unpublished,unknown,unspecified,,unspecified,unpublished,not_reviewed,,,,unpublished_definition
529,,未公开定义,unpublished,unknown,unspecified,,unspecified,unpublished,not_reviewed,,,,unpublished_definition
530,,未公开定义,unpublished,unknown,unspecified,,unspecified,unpublished,not_reviewed,,,,unpublished_definition
531,,未公开定义,unpublished,unknown,unspecified,,unspecified,unpublished,not_reviewed,,,,unpublished_definition
532,,未公开定义,unpublished,unknown,unspecified,,unspecified,unpublished,not_reviewed,,,,unpublished_definition
533,,未公开定义,unpublished,unknown,unspecified,,unspecified,unpublished,not_reviewed,,,,unpublished_definition
534,,未公开定义,unpublished,unknown,unspecified,,unspecified,unpublished,not_reviewed,,,,unpublished_definition
535,,未公开定义,unpublished,unknown,unspecified,,unspecified,unpublished,not_reviewed,,,,unpublished_definition
536,,未公开定义,unpublished,unknown,unspecified,,unspecified,unpublished,not_reviewed,,,,unpublished_definition
537,,未公开定义,unpublished,unknown,unspecified,,unspecified,unpublished,not_reviewed,,,,unpublished_definition
538,,未公开定义,unpublished,unknown,unspecified,,unspecified,unpublished,not_reviewed,,,,unpublished_definition
539,,未公开定义,unpublished,unknown,unspecified,,unspecified,unpublished,not_reviewed,,,,unpublished_definition
540,,未公开定义,unpublished,unknown,unspecified,,unspecified,unpublished,not_reviewed,,,,unpublished_definition
541,,未公开定义,unpublished,unknown,unspecified,,unspecified,unpublished,not_reviewed,,,,unpublished_definition
542,,未公开定义,unpublished,unknown,unspecified,,unspecified,unpublished,not_reviewed,,,,unpublished_definition
543,,未公开定义,unpublished,unknown,unspecified,,unspecified,unpublished,not_reviewed,,,,unpublished_definition
544,,未公开定义,unpublished,unknown,unspecified,,unspecified,unpublished,not_reviewed,,,,unpublished_definition
545,,未公开定义,unpublished,unknown,unspecified,,unspecified,unpublished,not_reviewed,,,,unpublished_definition
546,,未公开定义,unpublished,unknown,unspecified,,unspecified,unpublished,not_reviewed,,,,unpublished_definition
547,,未公开定义,unpublished,unknown,unspecified,,unspecified,unpublished,not_reviewed,,,,unpublished_definition
548,,未公开定义,unpublished,unknown,unspecified,,unspecified,unpublished,not_reviewed,,,,unpublished_definition
549,,未公开定义,unpublished,unknown,unspecified,,unspecified,unpublished,not_reviewed,,,,unpublished_definition
550,,未公开定义,unpublished,unknown,unspecified,,unspecified,unpublished,not_reviewed,,,,unpublished_definition
551,,未公开定义,unpublished,unknown,unspecified,,unspecified,unpublished,not_reviewed,,,,unpublished_definition
552,,未公开定义,unpublished,unknown,unspecified,,unspecified,unpublished,not_reviewed,,,,unpublished_definition
553,,未公开定义,unpublished,unknown,unspecified,,unspecified,unpublished,not_reviewed,,,,unpublished_definition
554,,未公开定义,unpublished,unknown,unspecified,,unspecified,unpublished,not_reviewed,,,,unpublished_definition
555,,未公开定义,unpublished,unknown,unspecified,,unspecified,unpublished,not_reviewed,,,,unpublished_definition
556,,未公开定义,unpublished,unknown,unspecified,,unspecified,unpublished,not_reviewed,,,,unpublished_definition
557,,未公开定义,unpublished,unknown,unspecified,,unspecified,unpublished,not_reviewed,,,,unpublished_definition
558,,未公开定义,unpublished,unknown,unspecified,,unspecified,unpublished,not_reviewed,,,,unpublished_definition
559,,未公开定义,unpublished,unknown,unspecified,,unspecified,unpublished,not_reviewed,,,,unpublished_definition
560,,未公开定义,unpublished,unknown,unspecified,,unspecified,unpublished,not_reviewed,,,,unpublished_definition
561,other_cash_balance_effects,加:其他原因对现金的影响2(万元)(现金的期末余额科目),cashflow_statement,monetary,CNY,10000,ytd,official,official_mapping,tdx_official_20260919;tdx_units_20260919;tdx_formula_fields_20260919,cash_flow_statement,supplement,official_definition; company_amount_not_individually_verified
562,customer_and_interbank_deposits_net_increase,客户存款和同业存放款项净增加额(万元),cashflow_statement,monetary,CNY,10000,ytd,official,official_mapping,tdx_official_20260919;tdx_units_20260919;tdx_formula_fields_20260919,cash_flow_statement,main,official_definition; company_amount_not_individually_verified
563,central_bank_borrowings_net_increase,向中央银行借款净增加额(万元),cashflow_statement,monetary,CNY,10000,ytd,official,official_mapping,tdx_official_20260919;tdx_units_20260919;tdx_formula_fields_20260919,cash_flow_statement,main,official_definition; company_amount_not_individually_verified
564,other_financial_institution_borrowings_net_increase,向其他金融机构拆入资金净增加额(万元),cashflow_statement,monetary,CNY,10000,ytd,official,official_mapping,tdx_official_20260919;tdx_units_20260919;tdx_formula_fields_20260919,cash_flow_statement,main,official_definition; company_amount_not_individually_verified
565,insurance_premiums_cash_received,收到原保险合同保费取得的现金(万元),cashflow_statement,monetary,CNY,10000,ytd,official,official_mapping,tdx_official_20260919;tdx_units_20260919;tdx_formula_fields_20260919,cash_flow_statement,main,official_definition; company_amount_not_individually_verified
566,reinsurance_cash_received_net,收到再保险业务现金净额(万元),cashflow_statement,monetary,CNY,10000,ytd,official,official_mapping,tdx_official_20260919;tdx_units_20260919;tdx_formula_fields_20260919,cash_flow_statement,main,official_definition; company_amount_not_individually_verified
567,policyholder_deposits_and_investments_net_increase,保户储金及投资款净增加额(万元),cashflow_statement,monetary,CNY,10000,ytd,official,official_mapping,tdx_official_20260919;tdx_units_20260919;tdx_formula_fields_20260919,cash_flow_statement,main,official_definition; company_amount_not_individually_verified
568,fair_value_financial_asset_disposal_cash_net,处置以公允价值计量且其变动计入当期损益的金融资产净增加额(万元),cashflow_statement,monetary,CNY,10000,ytd,official,official_mapping,tdx_official_20260919;tdx_units_20260919;tdx_formula_fields_20260919,cash_flow_statement,main,official_definition; company_amount_not_individually_verified
569,financial_interest_and_fee_cash_received,收取利息、手续费及佣金的现金(万元),cashflow_statement,monetary,CNY,10000,ytd,official,official_mapping,tdx_official_20260919;tdx_units_20260919;tdx_formula_fields_20260919,cash_flow_statement,main,official_definition; company_amount_not_individually_verified
570,interbank_borrowing_cash_net_increase,拆入资金净增加额(万元),cashflow_statement,monetary,CNY,10000,ytd,official,official_mapping,tdx_official_20260919;tdx_units_20260919;tdx_formula_fields_20260919,cash_flow_statement,main,official_definition; company_amount_not_individually_verified
571,repurchase_agreement_cash_net_increase,回购业务资金净增加额(万元),cashflow_statement,monetary,CNY,10000,ytd,official,official_mapping,tdx_official_20260919;tdx_units_20260919;tdx_formula_fields_20260919,cash_flow_statement,main,official_definition; company_amount_not_individually_verified
572,customer_loans_and_advances_net_increase,客户贷款及垫款净增加额(万元),cashflow_statement,monetary,CNY,10000,ytd,official,official_mapping,tdx_official_20260919;tdx_units_20260919;tdx_formula_fields_20260919,cash_flow_statement,main,official_definition; company_amount_not_individually_verified
573,central_bank_and_interbank_placements_net_increase,存放中央银行和同业款项净增加额(万元),cashflow_statement,monetary,CNY,10000,ytd,official,official_mapping,tdx_official_20260919;tdx_units_20260919;tdx_formula_fields_20260919,cash_flow_statement,main,official_definition; company_amount_not_individually_verified
574,insurance_claims_cash_paid,支付原保险合同赔付款项的现金(万元),cashflow_statement,monetary,CNY,10000,ytd,official,official_mapping,tdx_official_20260919;tdx_units_20260919;tdx_formula_fields_20260919,cash_flow_statement,main,official_definition; company_amount_not_individually_verified
575,financial_interest_and_fee_cash_paid,支付利息、手续费及佣金的现金(万元),cashflow_statement,monetary,CNY,10000,ytd,official,official_mapping,tdx_official_20260919;tdx_units_20260919;tdx_formula_fields_20260919,cash_flow_statement,main,official_definition; company_amount_not_individually_verified
576,policyholder_dividends_cash_paid,支付保单红利的现金(万元),cashflow_statement,monetary,CNY,10000,ytd,official,official_mapping,tdx_official_20260919;tdx_units_20260919;tdx_formula_fields_20260919,cash_flow_statement,main,official_definition; company_amount_not_individually_verified
577,subsidiary_minority_equity_cash_received,其中:子公司吸收少数股东投资收到的现金(万元),cashflow_statement,monetary,CNY,10000,ytd,official,reviewed_mapping,tdx_official_20260919;tdx_units_20260919;statement_expansion_20260919;tdx_formula_fields_20260919,cash_flow_statement,main,sample_evidence_reviewed; company_specific_applicability_not_guaranteed
578,subsidiary_minority_dividends_cash_paid,其中:子公司支付给少数股东的股利、利润(万元),cashflow_statement,monetary,CNY,10000,ytd,official,reviewed_mapping,tdx_official_20260919;tdx_units_20260919;statement_expansion_20260919;tdx_formula_fields_20260919,cash_flow_statement,main,sample_evidence_reviewed; company_specific_applicability_not_guaranteed
579,investment_property_depreciation_amortization,投资性房地产的折旧及摊销(万元),cashflow_statement,monetary,CNY,10000,ytd,official,reviewed_mapping,tdx_official_20260919;tdx_units_20260919;tdx_formula_fields_20260919,cash_flow_statement,supplement,sample_evidence_reviewed; company_specific_applicability_not_guaranteed
580,credit_impairment_cashflow_adjustment,信用减值损失(万元),cashflow_statement,monetary,CNY,10000,ytd,official,reviewed_mapping,tdx_official_20260919;tdx_units_20260919;tdx_formula_fields_20260919;cashflow_reconciliation_20260919,cash_flow_statement,supplement,sample_evidence_reviewed; company_specific_applicability_not_guaranteed
581,right_of_use_depreciation,使用权资产折旧（万元）,cashflow_statement,monetary,CNY,10000,ytd,official,reviewed_mapping,tdx_official_20260919;tdx_units_20260919;tdx_formula_fields_20260919,cash_flow_statement,supplement,sample_evidence_reviewed; company_specific_applicability_not_guaranteed
582,financial_interest_and_fee_receipts_net_increase,收取利息和手续费净增加额(万元)  [注：金融类科目],cashflow_statement,monetary,CNY,10000,ytd,official,official_mapping,tdx_official_20260919;tdx_units_20260919,cash_flow_statement,main,official_definition; company_amount_not_individually_verified
583,financial_fee_cash_paid,支付手续费的现金(万元)  [注：金融类科目],cashflow_statement,monetary,CNY,10000,ytd,official,official_mapping,tdx_official_20260919;tdx_units_20260919,cash_flow_statement,main,official_definition; company_amount_not_individually_verified
584,bond_issuance_cash_paid,发行债券支付的现金(万元)  [注：金融类科目],cashflow_statement,monetary,CNY,10000,ytd,official,official_mapping,tdx_official_20260919;tdx_units_20260919,cash_flow_statement,main,official_definition; company_amount_not_individually_verified
